Wikidata ID,Title,Link,Label,Layer,Score,Reason,Alternates,Provenance
Q719395,category,https://leanprover-community.github.io/mathlib4_docs/Mathlib/CategoryTheory/Category/Basic.html#CategoryTheory.Category,category,layer2.csv,1.000,exact_letters,,layer_match
Q10567583,small category,https://leanprover-community.github.io/mathlib4_docs/Mathlib/CategoryTheory/Category/Basic.html#CategoryTheory.SmallCategory,small category,layer2.csv,1.000,exact_letters,Q121771058 (0.867; token_jaccard=0.67) locally small category [layer3.csv],layer_match
Q864475,functor,https://leanprover-community.github.io/mathlib4_docs/Mathlib/CategoryTheory/Functor/Basic.html#CategoryTheory.Functor,functor,layer2.csv,1.000,exact_letters,,layer_match
Q1442189,natural transformation,https://leanprover-community.github.io/mathlib4_docs/Mathlib/CategoryTheory/NatTrans.html#CategoryTheory.NatTrans,natural transformation,layer2.csv,1.000,exact_letters,Q25304046 (0.867; token_jaccard=0.67) lax natural transformation [layer1.csv],layer_match
Q1579914,monad,https://leanprover-community.github.io/mathlib4_docs/Mathlib/CategoryTheory/Monad/Basic.html#CategoryTheory.Monad,monad,layer3.csv,1.000,exact_letters,Q1630568 (1.000; exact_letters) monad [layer2.csv],layer_match
Q1945014,monoidal category,https://leanprover-community.github.io/mathlib4_docs/Mathlib/CategoryTheory/Monoidal/Category.html#CategoryTheory.MonoidalCategory,monoidal category,layer2.csv,1.000,exact_letters,Q2943034 (0.867; token_jaccard=0.67) braided monoidal category [layer2.csv]; Q18205845 (0.867; token_jaccard=0.67) cartesian monoidal category [layer4.csv]; Q5135347 (0.867; token_jaccard=0.67) closed monoidal category [layer5.csv]; Q20809078 (0.867; token_jaccard=0.67) monoidal category action [layer3.csv],layer_match
Q1725874,cartesian closed,https://leanprover-community.github.io/mathlib4_docs/Mathlib/CategoryTheory/Closed/Cartesian.html#CategoryTheory.CartesianClosed,cartesian closed category,layer4.csv,0.867,token_jaccard=0.67,,layer_match
Q318737,abelian category,https://leanprover-community.github.io/mathlib4_docs/Mathlib/CategoryTheory/Abelian/Basic.html#CategoryTheory.Abelian,abelian category,layer1.csv,1.000,exact_letters,Q7239192 (0.867; token_jaccard=0.67) pre-abelian category [layer5.csv]; Q7254426 (0.867; token_jaccard=0.67) pseudo-abelian category [layer4.csv]; Q30715304 (0.867; token_jaccard=0.67) semi-abelian category [layer5.csv],layer_match
Q12503,integer,https://leanprover-community.github.io/mathlib4_docs/Init/Data/Int/Basic.html#Int,integer,layer2.csv,1.000,exact_letters,,layer_match
Q1244890,rational number,https://leanprover-community.github.io/mathlib4_docs/Batteries/Data/Rat/Basic.html#Rat,rational number,layer2.csv,1.000,exact_letters,Q114501433 (0.867; token_jaccard=0.67) rational number theory [layer2.csv],layer_match
Q206816,continued fraction,https://leanprover-community.github.io/mathlib4_docs/Mathlib/Algebra/ContinuedFractions/Basic.html#ContFract,continued fraction,layer2.csv,1.000,exact_letters,,layer_match
Q12916,real number,https://leanprover-community.github.io/mathlib4_docs/Mathlib/Data/Real/Basic.html#Real,real number,layer2.csv,1.000,exact_letters,Q3893614 (0.867; token_jaccard=0.67) definable real number [layer4.csv]; Q200227 (0.867; token_jaccard=0.67) negative real number [layer5.csv]; Q19546578 (0.867; token_jaccard=0.67) nonzero real number [layer4.csv]; Q3176558 (0.867; token_jaccard=0.67) positive real number [layer2.csv],layer_match
Q11567,complex number,https://leanprover-community.github.io/mathlib4_docs/Mathlib/Data/Complex/Basic.html#Complex,complex number,layer2.csv,1.000,exact_letters,Q135457975 (0.867; token_jaccard=0.67) computable complex number [layer5.csv]; Q135457986 (0.867; token_jaccard=0.67) definable complex number [layer5.csv]; Q85757774 (0.867; token_jaccard=0.67) Dual-complex number [layer4.csv]; Q864145 (0.867; token_jaccard=0.67) split-complex number [layer3.csv],layer_match
Q311627,$p$-adic number,https://leanprover-community.github.io/mathlib4_docs/Mathlib/NumberTheory/Padics/PadicNumbers.html#Padic,p-adic number,layer2.csv,1.000,exact_letters,,layer_match
Q11756524,$p$-adic integer,https://leanprover-community.github.io/mathlib4_docs/Mathlib/NumberTheory/Padics/PadicIntegers.html#PadicInt,p-adic integer,layer3.csv,1.000,exact_letters,,layer_match
Q5958543,hyper-real number,https://leanprover-community.github.io/mathlib4_docs/Mathlib/Analysis/Real/Hyperreal.html#Hyperreal,hyperreal number,layer2.csv,1.000,exact_letters,Q12916 (0.867; token_jaccard=0.67) real number [layer5.csv],layer_match
Q83478,group,https://leanprover-community.github.io/mathlib4_docs/Mathlib/Algebra/Group/Defs.html#Group,group,layer2.csv,1.000,exact_letters,,layer_match
Q288465,group action,https://leanprover-community.github.io/mathlib4_docs/Mathlib/Algebra/Group/Action/Defs.html#MulAction,group action,layer2.csv,1.000,exact_letters,Q16951242 (0.867; token_jaccard=0.67) continuous group action [layer5.csv]; Q121074575 (0.867; token_jaccard=0.67) faithful group action [layer5.csv]; Q121069543 (0.867; token_jaccard=0.67) free group action [layer5.csv]; Q48975267 (0.867; token_jaccard=0.67) group-scheme action [layer5.csv],layer_match
Q3291120,class formula,https://leanprover-community.github.io/mathlib4_docs/Mathlib/GroupTheory/GroupAction/Quotient.html#MulAction.selfEquivSigmaOrbitsQuotientStabilizer,class number formula,layer3.csv,0.867,token_jaccard=0.67,,layer_match
Q1330377,Burnside lemma,https://leanprover-community.github.io/mathlib4_docs/Mathlib/GroupTheory/GroupAction/Quotient.html#MulAction.sum_card_fixedBy_eq_card_orbits_mul_card_group,Burnside's lemma,layer3.csv,0.867,token_jaccard=0.67,,layer_match
Q466109,subgroup,https://leanprover-community.github.io/mathlib4_docs/Mathlib/Algebra/Group/Subgroup/Defs.html#Subgroup,subgroup,layer3.csv,1.000,exact_letters,,layer_match
Q1138961,quotient group,https://leanprover-community.github.io/mathlib4_docs/Mathlib/GroupTheory/QuotientGroup/Defs.html#QuotientGroup.Quotient.group,quotient group,layer3.csv,1.000,exact_letters,,layer_match
Q1065966,first isomorphism theorem,https://leanprover-community.github.io/mathlib4_docs/Mathlib/GroupTheory/QuotientGroup/Basic.html#QuotientGroup.quotientKerEquivRange,isomorphism theorem,layer5.csv,0.867,token_jaccard=0.67,,layer_match
Q1065966,second isomorphism theorem,https://leanprover-community.github.io/mathlib4_docs/Mathlib/GroupTheory/QuotientGroup/Basic.html#QuotientGroup.quotientInfEquivProdNormalQuotient,isomorphism theorem,layer5.csv,0.867,token_jaccard=0.67,,layer_match
Q1065966,third isomorphism theorem,https://leanprover-community.github.io/mathlib4_docs/Mathlib/GroupTheory/QuotientGroup/Basic.html#QuotientGroup.quotientQuotientEquivQuotient,isomorphism theorem,layer5.csv,0.867,token_jaccard=0.67,,layer_match
Q318598,abelianization,https://leanprover-community.github.io/mathlib4_docs/Mathlib/GroupTheory/Abelianization/Defs.html#Abelianization,abelianization,layer2.csv,1.000,exact_letters,,layer_match
Q431078,free group,https://leanprover-community.github.io/mathlib4_docs/Mathlib/GroupTheory/FreeGroup/Basic.html#FreeGroup,free group,layer2.csv,1.000,exact_letters,Q1454111 (0.867; token_jaccard=0.67) free abelian group [layer3.csv]; Q121069543 (0.867; token_jaccard=0.67) free group action [layer5.csv]; Q122364643 (0.867; token_jaccard=0.67) torsion-free group [layer4.csv],layer_match
Q124579556,presented group,https://leanprover-community.github.io/mathlib4_docs/Mathlib/GroupTheory/PresentedGroup.html#PresentedGroup,finitely presented group,layer1.csv,0.867,token_jaccard=0.67,,layer_match
Q3229345,Schreier's lemma,https://leanprover-community.github.io/mathlib4_docs/Mathlib/GroupTheory/Schreier.html#Subgroup.closure_mul_image_eq,Schreier's lemma,layer2.csv,1.000,exact_letters,,layer_match
Q245462,cyclic group,https://leanprover-community.github.io/mathlib4_docs/Mathlib/Algebra/Group/Defs.html#IsCyclic,cyclic group,layer2.csv,1.000,exact_letters,Q2790210 (0.867; token_jaccard=0.67) binary cyclic group [layer4.csv]; Q54806735 (0.867; token_jaccard=0.67) finite cyclic group [layer5.csv]; Q54806746 (0.867; token_jaccard=0.67) infinite cyclic group [layer5.csv]; Q16969335 (0.867; token_jaccard=0.67) primary cyclic group [layer5.csv],layer_match
Q1755242,nilpotent group,https://leanprover-community.github.io/mathlib4_docs/Mathlib/GroupTheory/Nilpotent.html#Group.IsNilpotent,nilpotent group,layer4.csv,1.000,exact_letters,Q4369993 (0.867; token_jaccard=0.67) poly-nilpotent group [layer4.csv],layer_match
Q1589600,structure of finitely generated abelian groups,https://leanprover-community.github.io/mathlib4_docs/Mathlib/GroupTheory/FiniteAbelian/Basic.html#AddCommGroup.equiv_free_prod_directSum_zmod,fundamental theorem of finitely generated abelian groups,layer3.csv,0.850,token_jaccard=0.62,,layer_match
Q161172,ring,https://leanprover-community.github.io/mathlib4_docs/Mathlib/Algebra/Ring/Defs.html#Ring,ring,layer3.csv,1.000,exact_letters,Q25415527 (1.000; exact_letters) Ring [layer5.csv]; Q531328 (1.000; exact_letters) Ring [layer5.csv]; Q60837942 (1.000; exact_letters) Ring [layer5.csv]; Q111962410 (1.000; token_jaccard=1.00) Ring Ring [layer5.csv],layer_match
Q929536,subring,https://leanprover-community.github.io/mathlib4_docs/Mathlib/Algebra/Ring/Subring/Defs.html#Subring,subring,layer4.csv,1.000,exact_letters,,layer_match
Q1142704,local ring,https://leanprover-community.github.io/mathlib4_docs/Mathlib/RingTheory/LocalRing/Defs.html#IsLocalRing,local ring,layer4.csv,1.000,exact_letters,Q60821171 (0.867; token_jaccard=0.67) complete local ring [layer4.csv]; Q7134519 (0.867; token_jaccard=0.67) parafactorial local ring [layer5.csv]; Q2138875 (0.867; token_jaccard=0.67) regular local ring [layer3.csv]; Q7449309 (0.867; token_jaccard=0.67) semi-local ring [layer5.csv],layer_match
Q582271,Noetherian ring,https://leanprover-community.github.io/mathlib4_docs/Mathlib/RingTheory/Noetherian/Defs.html#IsNoetherianRing,noetherian ring,layer2.csv,1.000,exact_letters,Q126898826 (0.867; token_jaccard=0.67) Noetherian commutative ring [layer5.csv],layer_match
Q3782642,ordered ring,https://leanprover-community.github.io/mathlib4_docs/Mathlib/Algebra/Order/Ring/Defs.html#OrderedRing,ordered ring,layer3.csv,1.000,exact_letters,Q7140405 (0.867; token_jaccard=0.67) partially ordered ring [layer4.csv],layer_match
Q619436,quotient ring,https://leanprover-community.github.io/mathlib4_docs/Mathlib/RingTheory/Ideal/Quotient/Defs.html#Ideal.Quotient.ring,quotient ring,layer3.csv,1.000,exact_letters,Q5695923 (0.867; token_jaccard=0.67) total quotient ring [layer4.csv],layer_match
Q11710992,prime ideal,https://leanprover-community.github.io/mathlib4_docs/Mathlib/RingTheory/Ideal/Prime.html#Ideal.IsPrime,prime ideal,layer5.csv,1.000,exact_letters,Q863912 (1.000; exact_letters) prime ideal [layer5.csv],layer_match
Q1203540,maximal ideal,https://leanprover-community.github.io/mathlib4_docs/Mathlib/RingTheory/Ideal/Maximal.html#Ideal.IsMaximal,maximal ideal,layer3.csv,1.000,exact_letters,,layer_match
Q193878,Chinese remainder theorem,https://leanprover-community.github.io/mathlib4_docs/Mathlib/RingTheory/Ideal/Quotient/Operations.html#Ideal.quotientInfRingEquivPiQuotient,Chinese remainder theorem,layer3.csv,1.000,exact_letters,,layer_match
Q1497184,fractional ideal,https://leanprover-community.github.io/mathlib4_docs/Mathlib/RingTheory/FractionalIdeal/Basic.html#FractionalIdeal,fractional ideal,layer4.csv,1.000,exact_letters,,layer_match
Q2989575,irreducible element,https://leanprover-community.github.io/mathlib4_docs/Mathlib/Algebra/Group/Irreducible/Defs.html#Irreducible,irreducible element,layer3.csv,1.000,exact_letters,,layer_match
Q131752,greatest common divisor,https://leanprover-community.github.io/mathlib4_docs/Mathlib/Algebra/GCDMonoid/Basic.html#GCDMonoid.gcd,greatest common divisor,layer2.csv,1.000,exact_letters,Q7226640 (0.900; token_jaccard=0.75) polynomial greatest common divisor [layer4.csv]; Q10892988 (0.867; token_jaccard=0.67) common divisor [layer5.csv],layer_match
Q102761,least common multiple,https://leanprover-community.github.io/mathlib4_docs/Mathlib/Algebra/GCDMonoid/Basic.html#GCDMonoid.lcm,least common multiple,layer2.csv,1.000,exact_letters,Q10855396 (0.867; token_jaccard=0.67) common multiple [layer3.csv],layer_match
Q1143969,principal ideal domain,https://leanprover-community.github.io/mathlib4_docs/Mathlib/LinearAlgebra/Span/Defs.html#Submodule.IsPrincipal,principal ideal domain,layer3.csv,1.000,exact_letters,Q24769475 (0.867; token_jaccard=0.67) IDEAL domain [layer5.csv]; Q44382 (0.867; token_jaccard=0.67) principal ideal [layer5.csv],layer_match
Q867345,Euclidean domain,https://leanprover-community.github.io/mathlib4_docs/Mathlib/Algebra/EuclideanDomain/Defs.html#EuclideanDomain,Euclidean domain,layer4.csv,1.000,exact_letters,,layer_match
Q190026,Euler's totient function ($\varphi$),https://leanprover-community.github.io/mathlib4_docs/Mathlib/Data/Nat/Totient.html#Nat.totient,Euler's totient function,layer2.csv,0.920,token_jaccard=0.80,,layer_match
Q125582573,multiplicity,https://leanprover-community.github.io/mathlib4_docs/Mathlib/Algebra/Polynomial/Div.html#Polynomial.rootMultiplicity,Multiplicity,layer5.csv,1.000,exact_letters,Q2228257 (1.000; exact_letters) multiplicity [layer5.csv]; Q774732 (1.000; exact_letters) Multiplicity [layer5.csv]; Q902301 (1.000; exact_letters) multiplicity [layer5.csv],layer_match
Q2530089,separable polynomial,https://leanprover-community.github.io/mathlib4_docs/Mathlib/FieldTheory/Separable.html#Polynomial.Separable,separable polynomial,layer4.csv,1.000,exact_letters,,layer_match
Q1476663,irreducible polynomial,https://leanprover-community.github.io/mathlib4_docs/Mathlib/Algebra/Group/Irreducible/Defs.html#Irreducible,irreducible polynomial,layer4.csv,1.000,exact_letters,,layer_match
Q1057416,Eisenstein's criterion,https://leanprover-community.github.io/mathlib4_docs/Mathlib/RingTheory/Polynomial/Eisenstein/Criterion.html#Polynomial.irreducible_of_eisenstein_criterion,Eisenstein's criterion,layer3.csv,1.000,exact_letters,,layer_match
Q206925,power series,https://leanprover-community.github.io/mathlib4_docs/Mathlib/RingTheory/PowerSeries/Basic.html#PowerSeries,power series,layer3.csv,1.000,exact_letters,Q1003025 (0.867; token_jaccard=0.67) formal power series [layer5.csv]; Q3045470 (0.867; token_jaccard=0.67) power series expansion [layer2.csv],layer_match
Q2030545,associative algebra over a commutative ring,https://leanprover-community.github.io/mathlib4_docs/Mathlib/Algebra/Algebra/Defs.html#Algebra,algebra over a ring,layer4.csv,0.867,token_jaccard=0.67,,layer_match
Q7700713,tensor product of algebras,https://leanprover-community.github.io/mathlib4_docs/Mathlib/RingTheory/TensorProduct/Basic.html#Algebra.TensorProduct.instAlgebra,tensor product of algebras,layer3.csv,1.000,exact_letters,Q340145 (0.840; token_jaccard=0.60) tensor product of fields [layer4.csv]; Q15994781 (0.840; token_jaccard=0.60) tensor product of graphs [layer5.csv]; Q3406761 (0.840; token_jaccard=0.60) tensor product of modules [layer3.csv]; Q48995828 (0.840; token_jaccard=0.60) tensor product of representations [layer4.csv],layer_match
Q664495,Lie algebra,https://leanprover-community.github.io/mathlib4_docs/Mathlib/Algebra/Lie/Basic.html#LieAlgebra,Lie algebra,layer2.csv,1.000,exact_letters,Q632521 (0.867; token_jaccard=0.67) affine Lie algebra [layer5.csv]; Q28852305 (0.867; token_jaccard=0.67) classical Lie algebra [layer5.csv]; Q5155287 (0.867; token_jaccard=0.67) compact Lie algebra [layer3.csv]; Q5499906 (0.867; token_jaccard=0.67) free Lie algebra [layer4.csv],layer_match
Q1196652,exterior algebra,https://leanprover-community.github.io/mathlib4_docs/Mathlib/LinearAlgebra/ExteriorAlgebra/Basic.html#ExteriorAlgebra,exterior algebra,layer3.csv,1.000,exact_letters,,layer_match
Q674689,Clifford algebra,https://leanprover-community.github.io/mathlib4_docs/Mathlib/LinearAlgebra/CliffordAlgebra/Basic.html#CliffordAlgebra,Clifford algebra,layer1.csv,1.000,exact_letters,,layer_match
Q1172412,field,https://leanprover-community.github.io/mathlib4_docs/Mathlib/Algebra/Field/Defs.html#Field,field,layer5.csv,1.000,exact_letters,Q190109 (1.000; exact_letters) field [layer2.csv],layer_match
Q1047547,algebraically closed field,https://leanprover-community.github.io/mathlib4_docs/Mathlib/FieldTheory/IsAlgClosed/Basic.html#IsAlgClosed,algebraically closed field,layer4.csv,1.000,exact_letters,Q7254461 (0.900; token_jaccard=0.75) pseudo algebraically closed field [layer4.csv]; Q283684 (0.900; token_jaccard=0.75) quasi-algebraically closed field [layer5.csv],layer_match
Q550791,algebraic extension,https://leanprover-community.github.io/mathlib4_docs/Mathlib/RingTheory/Algebraic/Defs.html#Algebra.IsAlgebraic,algebraic extension,layer4.csv,1.000,exact_letters,,layer_match
Q1996100,splitting field,https://leanprover-community.github.io/mathlib4_docs/Mathlib/FieldTheory/SplittingField/Construction.html#Polynomial.SplittingField,splitting field,layer3.csv,1.000,exact_letters,,layer_match
Q1143328,chain complex,https://leanprover-community.github.io/mathlib4_docs/Mathlib/Algebra/Homology/HomologicalComplex.html#ChainComplex,chain complex,layer2.csv,1.000,exact_letters,,layer_match
Q472883,quadratic reciprocity,https://leanprover-community.github.io/mathlib4_docs/Mathlib/NumberTheory/LegendreSymbol/QuadraticReciprocity.html#legendreSym.quadratic_reciprocity,quadratic reciprocity,layer3.csv,1.000,exact_letters,,layer_match
Q720469,Chevalley-Warning theorem,https://leanprover-community.github.io/mathlib4_docs/Mathlib/FieldTheory/ChevalleyWarning.html#char_dvd_card_solutions,Chevalley–Warning theorem,layer3.csv,1.000,exact_letters,,layer_match
Q1227702,Dirichlet unit theorem,https://leanprover-community.github.io/mathlib4_docs/Mathlib/NumberTheory/NumberField/Units/DirichletTheorem.html#NumberField.Units.exist_unique_eq_mul_prod,Dirichlet's unit theorem,layer4.csv,0.900,token_jaccard=0.75,,layer_match
Q112898115,representation,https://leanprover-community.github.io/mathlib4_docs/Mathlib/RepresentationTheory/Basic.html#Representation,representation,layer4.csv,1.000,exact_letters,Q2905654 (1.000; exact_letters) representation [layer1.csv],layer_match
Q108183455,character,https://leanprover-community.github.io/mathlib4_docs/Mathlib/RepresentationTheory/Character.html#FDRep.character,Character,layer5.csv,1.000,exact_letters,Q928545 (1.000; exact_letters) Character [layer5.csv],layer_match
Q18848,module,https://leanprover-community.github.io/mathlib4_docs/Mathlib/Algebra/Module/Defs.html#Module,module,layer2.csv,1.000,exact_letters,,layer_match
Q207643,linear map,https://leanprover-community.github.io/mathlib4_docs/Mathlib/Algebra/Module/LinearMap/Defs.html#LinearMap,linear map,layer2.csv,1.000,exact_letters,,layer_match
Q125977,vector space,https://leanprover-community.github.io/mathlib4_docs/Mathlib/Algebra/Module/Defs.html#Module,vector space,layer2.csv,1.000,exact_letters,Q5156614 (0.867; token_jaccard=0.67) complex vector space [layer4.csv]; Q3058338 (0.867; token_jaccard=0.67) finite vector space [layer4.csv]; Q42797338 (0.867; token_jaccard=0.67) function vector space [layer5.csv]; Q3058206 (0.867; token_jaccard=0.67) graded vector space [layer3.csv],layer_match
Q1393796,quotient space,https://leanprover-community.github.io/mathlib4_docs/Mathlib/LinearAlgebra/Quotient/Defs.html#Submodule.hasQuotient,quotient space,layer3.csv,1.000,exact_letters,Q1139111 (0.867; token_jaccard=0.67) quotient topological space [layer4.csv],layer_match
Q1163016,tensor product,https://leanprover-community.github.io/mathlib4_docs/Mathlib/LinearAlgebra/TensorProduct/Basic.html#TensorProduct,tensor product,layer4.csv,1.000,exact_letters,Q39046230 (0.867; token_jaccard=0.67) derived tensor product [layer4.csv]; Q96382131 (0.867; token_jaccard=0.67) inductive tensor product [layer5.csv]; Q1663619 (0.867; token_jaccard=0.67) injective tensor product [layer4.csv]; Q89672221 (0.867; token_jaccard=0.67) projective tensor product [layer4.csv],layer_match
Q2444982,Noetherian module,https://leanprover-community.github.io/mathlib4_docs/Mathlib/RingTheory/Noetherian/Defs.html#IsNoetherian,Noetherian module,layer1.csv,1.000,exact_letters,,layer_match
Q189569,basis,https://leanprover-community.github.io/mathlib4_docs/Mathlib/LinearAlgebra/Basis/Defs.html#Module.Basis,basis,layer3.csv,1.000,exact_letters,Q810193 (1.000; exact_letters) basis [layer3.csv],layer_match
Q1952404,multilinear map,https://leanprover-community.github.io/mathlib4_docs/Mathlib/LinearAlgebra/Multilinear/Basic.html#MultilinearMap,multilinear map,layer3.csv,1.000,exact_letters,Q4736615 (0.867; token_jaccard=0.67) alternating multilinear map [layer4.csv]; Q55608620 (0.867; token_jaccard=0.67) cryptographic multilinear map [layer4.csv]; Q77591243 (0.867; token_jaccard=0.67) symmetric multilinear map [layer4.csv],layer_match
Q4736615,alternating map,https://leanprover-community.github.io/mathlib4_docs/Mathlib/LinearAlgebra/Alternating/Basic.html#AlternatingMap,alternating multilinear map,layer4.csv,0.867,token_jaccard=0.67,,layer_match
Q524607,general linear group,https://leanprover-community.github.io/mathlib4_docs/Mathlib/LinearAlgebra/GeneralLinearGroup.html#LinearMap.GeneralLinearGroup,general linear group,layer4.csv,1.000,exact_letters,Q99999421 (0.900; token_jaccard=0.75) complex general linear group [layer5.csv],layer_match
Q2297777,dual basis,https://leanprover-community.github.io/mathlib4_docs/Mathlib/LinearAlgebra/Dual/Basis.html#Module.Basis.dualBasis,dual basis,layer4.csv,1.000,exact_letters,,layer_match
Q2915729,ring-valued matrix,https://leanprover-community.github.io/mathlib4_docs/Mathlib/LinearAlgebra/Matrix/Defs.html#Matrix,matrix ring,layer5.csv,0.867,token_jaccard=0.67,,layer_match
Q178546,determinant,https://leanprover-community.github.io/mathlib4_docs/Mathlib/LinearAlgebra/Matrix/Determinant/Basic.html#Matrix.det,determinant,layer4.csv,1.000,exact_letters,,layer_match
Q1163608,minimal polynomial,https://leanprover-community.github.io/mathlib4_docs/Mathlib/FieldTheory/Minpoly/Basic.html#minpoly,minimal polynomial,layer4.csv,1.000,exact_letters,Q2242730 (1.000; exact_letters) minimal polynomial [layer3.csv],layer_match
Q849705,characteristic polynomial,https://leanprover-community.github.io/mathlib4_docs/Mathlib/LinearAlgebra/Matrix/Charpoly/Basic.html#Matrix.charpoly,characteristic polynomial,layer4.csv,1.000,exact_letters,Q114727829 (0.867; token_jaccard=0.67) The characteristic polynomial [layer2.csv],layer_match
Q656772,Cayley-Hamilton theorem,https://leanprover-community.github.io/mathlib4_docs/Mathlib/LinearAlgebra/Matrix/Charpoly/Basic.html#Matrix.aeval_self_charpoly,Cayley–Hamilton theorem,layer3.csv,1.000,exact_letters,,layer_match
Q3553768,eigenvalue,https://leanprover-community.github.io/mathlib4_docs/Mathlib/LinearAlgebra/Eigenspace/Basic.html#Module.End.HasEigenvalue,eigenvalue,layer1.csv,1.000,exact_letters,,layer_match
Q3555174,eigenvector,https://leanprover-community.github.io/mathlib4_docs/Mathlib/LinearAlgebra/Eigenspace/Basic.html#Module.End.HasEigenvector,eigenvector,layer3.csv,1.000,exact_letters,,layer_match
Q837924,bilinear form,https://leanprover-community.github.io/mathlib4_docs/Mathlib/LinearAlgebra/BilinearMap.html#LinearMap.BilinForm,bilinear form,layer5.csv,1.000,exact_letters,Q2100018 (0.867; token_jaccard=0.67) symmetric bilinear form [layer5.csv],layer_match
Q837924,alternating bilinear form,https://leanprover-community.github.io/mathlib4_docs/Mathlib/LinearAlgebra/BilinearForm/Properties.html#LinearMap.BilinForm.IsAlt,bilinear form,layer5.csv,0.867,token_jaccard=0.67,,layer_match
Q2100018,symmetric bilinear form,https://leanprover-community.github.io/mathlib4_docs/Mathlib/LinearAlgebra/BilinearForm/Properties.html#LinearMap.BilinForm.IsSymm,symmetric bilinear form,layer5.csv,1.000,exact_letters,Q77584712 (0.900; token_jaccard=0.75) skew-symmetric bilinear form [layer5.csv]; Q837924 (0.867; token_jaccard=0.67) bilinear form [layer5.csv],layer_match
Q736753,quadratic form,https://leanprover-community.github.io/mathlib4_docs/Mathlib/LinearAlgebra/QuadraticForm/Basic.html#QuadraticForm,quadratic form,layer5.csv,1.000,exact_letters,,layer_match
Q5533834,polar form of a quadratic,https://leanprover-community.github.io/mathlib4_docs/Mathlib/LinearAlgebra/QuadraticForm/Basic.html#QuadraticMap.polar,genus of a quadratic form,layer3.csv,0.867,token_jaccard=0.67,,layer_match
Q114715764,diagonalization of self-adjoint endomorphisms,https://leanprover-community.github.io/mathlib4_docs/Mathlib/Analysis/InnerProductSpace/Spectrum.html#LinearMap.IsSymmetric.eigenvectorBasis_apply_self_apply,theory of self-adjoint endomorphisms,layer2.csv,0.867,token_jaccard=0.67,,layer_match
Q1029390,filter,https://leanprover-community.github.io/mathlib4_docs/Mathlib/Order/Filter/Defs.html#Filter,Filter,layer5.csv,1.000,exact_letters,Q1052692 (1.000; exact_letters) filter [layer4.csv]; Q16545258 (1.000; exact_letters) filter [layer5.csv]; Q2672873 (1.000; exact_letters) filter [layer5.csv]; Q2706314 (1.000; exact_letters) filter [layer5.csv],layer_match
Q179899,topological space,https://leanprover-community.github.io/mathlib4_docs/Mathlib/Topology/Defs/Basic.html#TopologicalSpace,topological space,layer1.csv,1.000,exact_letters,Q4352436 (0.867; token_jaccard=0.67) finite topological space [layer4.csv]; Q590554 (0.867; token_jaccard=0.67) noetherian topological space [layer5.csv]; Q1139111 (0.867; token_jaccard=0.67) quotient topological space [layer4.csv]; Q114716129 (0.867; token_jaccard=0.67) topological space theory [layer2.csv],layer_match
Q170058,continuous function,https://leanprover-community.github.io/mathlib4_docs/Mathlib/Topology/Defs/Basic.html#Continuous,continuous function,layer2.csv,1.000,exact_letters,Q25488023 (1.000; exact_letters) continuous function [layer2.csv]; Q5165476 (1.000; exact_letters) continuous function [layer3.csv]; Q1537963 (0.867; token_jaccard=0.67) Hölder continuous function [layer5.csv]; Q29035552 (0.867; token_jaccard=0.67) left-continuous function [layer5.csv],layer_match
Q17130880,induced topology,https://leanprover-community.github.io/mathlib4_docs/Mathlib/Topology/Defs/Induced.html#TopologicalSpace.induced,induced topology,layer5.csv,1.000,exact_letters,,layer_match
Q56653513,open map,https://leanprover-community.github.io/mathlib4_docs/Mathlib/Topology/Defs/Basic.html#IsOpenMap,open map,layer2.csv,1.000,exact_letters,,layer_match
Q3754530,closed map,https://leanprover-community.github.io/mathlib4_docs/Mathlib/Topology/Defs/Basic.html#IsClosedMap,closed map,layer2.csv,1.000,exact_letters,,layer_match
Q106504945,closure,https://leanprover-community.github.io/mathlib4_docs/Mathlib/Topology/Defs/Basic.html#closure,Closure,layer5.csv,1.000,exact_letters,Q320346 (1.000; exact_letters) closure [layer3.csv]; Q4720939 (1.000; exact_letters) closure [layer1.csv],layer_match
Q326908,Hausdorff space,https://leanprover-community.github.io/mathlib4_docs/Mathlib/Topology/Separation/Hausdorff.html#T2Space,Hausdorff space,layer3.csv,1.000,exact_letters,Q1135782 (0.867; token_jaccard=0.67) completely Hausdorff space [layer5.csv]; Q7977932 (0.867; token_jaccard=0.67) weak Hausdorff space [layer5.csv],layer_match
Q2740469,sequential space,https://leanprover-community.github.io/mathlib4_docs/Mathlib/Topology/Defs/Sequences.html#SequentialSpace,sequential space,layer3.csv,1.000,exact_letters,,layer_match
Q1669863,compact open topology,https://leanprover-community.github.io/mathlib4_docs/Mathlib/Topology/CompactOpen.html#ContinuousMap.compactOpen,compact-open topology,layer5.csv,1.000,exact_letters,,layer_match
Q2033899,Stone-Cech compactification,https://leanprover-community.github.io/mathlib4_docs/Mathlib/Topology/Compactification/StoneCech.html#StoneCech,Stone–Čech compactification,layer2.csv,1.000,exact_letters,,layer_match
Q1154996,topological fiber bundle,https://leanprover-community.github.io/mathlib4_docs/Mathlib/Topology/FiberBundle/Basic.html#FiberBundle,fiber bundle,layer5.csv,0.867,token_jaccard=0.67,,layer_match
Q658429,topological vector bundle,https://leanprover-community.github.io/mathlib4_docs/Mathlib/Topology/VectorBundle/Basic.html#VectorBundle,vector bundle,layer5.csv,0.867,token_jaccard=0.67,,layer_match
Q1816967,Urysohn's lemma,https://leanprover-community.github.io/mathlib4_docs/Mathlib/Topology/UrysohnsLemma.html#exists_continuous_zero_one_of_isClosed,Urysohn's lemma,layer2.csv,1.000,exact_letters,,layer_match
Q939927,Stone-Weierstrass theorem,https://leanprover-community.github.io/mathlib4_docs/Mathlib/Topology/ContinuousMap/StoneWeierstrass.html#ContinuousMap.subalgebra_topologicalClosure_eq_top_of_separatesPoints,Stone–Weierstrass theorem,layer3.csv,1.000,exact_letters,Q4454933 (0.867; token_jaccard=0.67) Weierstrass theorem [layer5.csv],layer_match
Q652446,uniform space,https://leanprover-community.github.io/mathlib4_docs/Mathlib/Topology/UniformSpace/Defs.html#UniformSpace,uniform space,layer1.csv,1.000,exact_letters,Q105658671 (0.867; token_jaccard=0.67) uniform color space [layer3.csv],layer_match
Q91256217,uniformly continuous function,https://leanprover-community.github.io/mathlib4_docs/Mathlib/Topology/MetricSpace/Pseudo/Defs.html#Metric.uniformContinuous_iff,uniformly continuous function,layer3.csv,1.000,exact_letters,Q170058 (0.867; token_jaccard=0.67) continuous function [layer2.csv]; Q25488023 (0.867; token_jaccard=0.67) continuous function [layer2.csv]; Q5165476 (0.867; token_jaccard=0.67) continuous function [layer3.csv],layer_match
Q1411887,uniform convergence,https://leanprover-community.github.io/mathlib4_docs/Mathlib/Topology/UniformSpace/UniformConvergence.html#TendstoUniformly,uniform convergence,layer3.csv,1.000,exact_letters,Q25377974 (0.867; token_jaccard=0.67) almost uniform convergence [layer5.csv]; Q1868383 (0.867; token_jaccard=0.67) local uniform convergence [layer5.csv]; Q7885093 (0.867; token_jaccard=0.67) uniform absolute-convergence [layer2.csv],layer_match
Q217847,Cauchy sequence,https://leanprover-community.github.io/mathlib4_docs/Mathlib/Topology/UniformSpace/Cauchy.html#CauchySeq,cauchy sequence,layer1.csv,1.000,exact_letters,Q7885144 (0.867; token_jaccard=0.67) uniformly Cauchy sequence [layer1.csv],layer_match
Q15846555,completeness,https://leanprover-community.github.io/mathlib4_docs/Mathlib/Topology/UniformSpace/Cauchy.html#CompleteSpace,completeness,layer2.csv,1.000,exact_letters,,layer_match
Q3685258,completion,https://leanprover-community.github.io/mathlib4_docs/Mathlib/Topology/UniformSpace/Completion.html#UniformSpace.Completion,completion,layer3.csv,1.000,exact_letters,Q91198359 (1.000; exact_letters) completion [layer3.csv],layer_match
Q765987,Heine-Cantor theorem,https://leanprover-community.github.io/mathlib4_docs/Mathlib/Topology/UniformSpace/HeineCantor.html#CompactSpace.uniformContinuous_of_continuous,Heine–Cantor theorem,layer3.csv,1.000,exact_letters,,layer_match
Q1321469,order topology,https://leanprover-community.github.io/mathlib4_docs/Mathlib/Topology/Order/Basic.html#OrderTopology,order topology,layer5.csv,1.000,exact_letters,,layer_match
Q245098,intermediate value theorem,https://leanprover-community.github.io/mathlib4_docs/Mathlib/Topology/Order/IntermediateValue.html#intermediate_value_Icc,intermediate value theorem,layer3.csv,1.000,exact_letters,Q114440769 (0.900; token_jaccard=0.75) Intermediate value theorem (theory) [layer2.csv],layer_match
Q752375,extreme value theorem,https://leanprover-community.github.io/mathlib4_docs/Mathlib/Topology/Order/Compact.html#IsCompact.exists_isMinOn,extreme value theorem,layer3.csv,1.000,exact_letters,,layer_match
Q17502105,limit infimum and supremum,https://leanprover-community.github.io/mathlib4_docs/order/liminf_limsup.html,infimum and supremum,layer5.csv,0.900,token_jaccard=0.75,,layer_match
Q1046291,topological group,https://leanprover-community.github.io/mathlib4_docs/Mathlib/Topology/Algebra/Group/Defs.html#IsTopologicalGroup,topological group,layer3.csv,1.000,exact_letters,Q7825020 (0.867; token_jaccard=0.67) abelian topological group [layer5.csv]; Q127766994 (0.867; token_jaccard=0.67) complete topological group [layer5.csv],layer_match
Q922339,topological ring,https://leanprover-community.github.io/mathlib4_docs/Mathlib/Topology/Algebra/Ring/Basic.html#IsTopologicalRing,topological ring,layer2.csv,1.000,exact_letters,Q119143608 (0.867; token_jaccard=0.67) topological division ring [layer3.csv],layer_match
Q7825039,topological module,https://leanprover-community.github.io/mathlib4_docs/Mathlib/Topology/Algebra/MulAction.html#ContinuousSMul,topological module,layer1.csv,1.000,exact_letters,,layer_match
Q207643,continuous linear map,https://leanprover-community.github.io/mathlib4_docs/Mathlib/Topology/Algebra/Module/LinearMap.html#ContinuousLinearMap,linear map,layer3.csv,0.867,token_jaccard=0.67,,layer_match
Q180953,metric space,https://leanprover-community.github.io/mathlib4_docs/Mathlib/Topology/MetricSpace/Defs.html#MetricSpace,metric space,layer3.csv,1.000,exact_letters,Q124633554 (0.867; token_jaccard=0.67) compact metric space [layer4.csv]; Q848569 (0.867; token_jaccard=0.67) complete metric space [layer5.csv]; Q3966092 (0.867; token_jaccard=0.67) convex metric space [layer4.csv]; Q6034319 (0.867; token_jaccard=0.67) injective metric space [layer5.csv],layer_match
Q12533281,ball,https://leanprover-community.github.io/mathlib4_docs/Mathlib/Topology/MetricSpace/Pseudo/Defs.html#Metric.ball,ball,layer5.csv,1.000,exact_letters,Q12819297 (1.000; exact_letters) Ball [layer5.csv]; Q838611 (1.000; exact_letters) ball [layer4.csv],layer_match
Q515173,contraction mapping theorem,https://leanprover-community.github.io/mathlib4_docs/Mathlib/Topology/MetricSpace/Contracting.html#ContractingWith.exists_fixedPoint,contraction mapping,layer2.csv,0.867,token_jaccard=0.67,,layer_match
Q1052678,Baire theorem,https://leanprover-community.github.io/mathlib4_docs/Mathlib/Topology/Baire/Lemmas.html#dense_iInter_of_isOpen,Baire category theorem,layer5.csv,0.867,token_jaccard=0.67,,layer_match
Q1477053,Arzela-Ascoli theorem,https://leanprover-community.github.io/mathlib4_docs/Mathlib/Topology/ContinuousMap/Bounded/ArzelaAscoli.html#BoundedContinuousFunction.arzela_ascoli,Arzelà–Ascoli theorem,layer3.csv,1.000,exact_letters,,layer_match
Q1501997,Hausdorff distance,https://leanprover-community.github.io/mathlib4_docs/Mathlib/Topology/MetricSpace/HausdorffDistance.html#EMetric.hausdorffEdist,Hausdorff distance,layer3.csv,1.000,exact_letters,,layer_match
Q326908,Gromov-Hausdorff space,https://leanprover-community.github.io/mathlib4_docs/Mathlib/Topology/MetricSpace/GromovHausdorff.html#GromovHausdorff.GHSpace,Hausdorff space,layer3.csv,0.867,token_jaccard=0.67,,layer_match
Q3527166,Banach-Steinhaus theorem,https://leanprover-community.github.io/mathlib4_docs/Mathlib/Analysis/Normed/Operator/BanachSteinhaus.html#banach_steinhaus,Steinhaus theorem,layer3.csv,0.867,token_jaccard=0.67,,layer_match
Q866116,Hahn-Banach theorem,https://leanprover-community.github.io/mathlib4_docs/Mathlib/Analysis/NormedSpace/HahnBanach/Extension.html#exists_extension_norm_eq,Hahn–Banach theorem,layer3.csv,1.000,exact_letters,,layer_match
Q190546,Cauchy-Schwarz inequality,https://leanprover-community.github.io/mathlib4_docs/Mathlib/Analysis/InnerProductSpace/Basic.html#inner_mul_inner_self_le,Cauchy–Schwarz inequality,layer2.csv,1.000,exact_letters,Q117355636 (0.840; token_jaccard=0.60) Cauchy–Schwarz inequality for integrals [layer3.csv]; Q97485926 (0.840; token_jaccard=0.60) Cauchy–Schwarz inequality for sums [layer3.csv],layer_match
Q980329,orthogonal projection,https://leanprover-community.github.io/mathlib4_docs/Mathlib/Analysis/InnerProductSpace/Projection/Basic.html#Submodule.orthogonalProjection,orthogonal projection,layer2.csv,1.000,exact_letters,,layer_match
Q107662862,reflection,https://leanprover-community.github.io/mathlib4_docs/Mathlib/Analysis/InnerProductSpace/Projection/Reflection.html#Submodule.reflection,Reflection,layer5.csv,1.000,exact_letters,Q122929141 (1.000; exact_letters) Reflection [layer5.csv]; Q134427052 (1.000; exact_letters) Reflection [layer5.csv]; Q20075900 (1.000; exact_letters) Reflection [layer5.csv]; Q426221 (1.000; exact_letters) reflection [layer3.csv],layer_match
Q1780921,orthogonal complement,https://leanprover-community.github.io/mathlib4_docs/Mathlib/Analysis/InnerProductSpace/Orthogonal.html#Submodule.orthogonal,orthogonal complement,layer4.csv,1.000,exact_letters,,layer_match
Q193286,Rolle's theorem,https://leanprover-community.github.io/mathlib4_docs/Mathlib/Analysis/Calculus/LocalExtr/Rolle.html#exists_deriv_eq_zero,Rolle's theorem,layer3.csv,1.000,exact_letters,,layer_match
Q189136,mean value theorem,https://leanprover-community.github.io/mathlib4_docs/Mathlib/Analysis/Calculus/Deriv/MeanValue.html#exists_ratio_deriv_eq_ratio_slope,mean value theorem,layer3.csv,1.000,exact_letters,Q3984001 (0.840; token_jaccard=0.60) Cauchy's mean-value theorem [layer3.csv]; Q114727937 (0.840; token_jaccard=0.60) Mean value theorem (differential calculus) [layer2.csv]; Q3983976 (0.840; token_jaccard=0.60) mean value theorem for integrals [layer3.csv]; Q18359323 (0.840; token_jaccard=0.60) Vinogradov's mean-value theorem [layer5.csv],layer_match
Q1137206,Taylor's theorem,https://leanprover-community.github.io/mathlib4_docs/analysis/calculus/taylor.html,Taylor's theorem,layer3.csv,1.000,exact_letters,,layer_match
Q97226587,Leibniz formula,https://leanprover-community.github.io/mathlib4_docs/Mathlib/Analysis/Calculus/FDeriv/Mul.html#fderiv_mul,Leibniz formula for π,layer4.csv,0.867,token_jaccard=0.67,,layer_match
Q931001,inverse function theorem,https://leanprover-community.github.io/mathlib4_docs/Mathlib/Analysis/Calculus/InverseFunctionTheorem/FDeriv.html#HasStrictFDerivAt.to_localInverse,inverse function theorem,layer3.csv,1.000,exact_letters,Q191884 (0.867; token_jaccard=0.67) inverse function [layer2.csv],layer_match
Q848375,implicit function theorem,https://leanprover-community.github.io/mathlib4_docs/Mathlib/Analysis/Calculus/Implicit.html#ImplicitFunctionData.implicitFunction,implicit function theorem,layer3.csv,1.000,exact_letters,Q1196523 (0.867; token_jaccard=0.67) implicit function [layer5.csv],layer_match
Q215084,analytic function,https://leanprover-community.github.io/mathlib4_docs/Mathlib/Analysis/Analytic/Basic.html#AnalyticAt,analytic function,layer4.csv,1.000,exact_letters,Q7269437 (0.867; token_jaccard=0.67) quasi-analytic function [layer5.csv]; Q120153213 (0.867; token_jaccard=0.67) real analytic function [layer5.csv],layer_match
Q319913,convex function,https://leanprover-community.github.io/mathlib4_docs/Mathlib/Analysis/Convex/Function.html#ConvexOn,convex function,layer2.csv,1.000,exact_letters,Q3610230 (0.867; token_jaccard=0.67) logarithmically convex function [layer5.csv]; Q3075259 (0.867; token_jaccard=0.67) proper convex function [layer3.csv]; Q7433030 (0.867; token_jaccard=0.67) Schur-convex function [layer5.csv],layer_match
Q2471737,Carathéodory's theorem,https://leanprover-community.github.io/mathlib4_docs/Mathlib/Analysis/Convex/Caratheodory.html#convexHull_eq_union,Carathéodory's theorem,layer3.csv,1.000,exact_letters,Q4378889 (1.000; exact_letters) Carathéodory's theorem [layer3.csv]; Q5037752 (0.900; token_jaccard=0.75) Carathéodory's existence theorem [layer5.csv]; Q2631152 (0.900; token_jaccard=0.75) Carathéodory's extension theorem [layer3.csv]; Q15831518 (0.840; token_jaccard=0.60) Carathéodory's theorem (measure theory) [layer3.csv],layer_match
Q11197,logarithm,https://leanprover-community.github.io/mathlib4_docs/Mathlib/Analysis/SpecialFunctions/Log/Basic.html#Real.log,logarithm,layer2.csv,1.000,exact_letters,,layer_match
Q125684975,trigonometric functions,https://leanprover-community.github.io/mathlib4_docs/Mathlib/Analysis/Complex/Trigonometric.html#Real.sin,generalized trigonometric functions,layer2.csv,0.867,token_jaccard=0.67,,layer_match
Q217357,sigma-algebra,https://leanprover-community.github.io/mathlib4_docs/Mathlib/MeasureTheory/MeasurableSpace/Defs.html#MeasurableSpace,sigma-algebra,layer3.csv,1.000,exact_letters,Q124632519 (0.867; token_jaccard=0.67) invariant sigma-algebra [layer4.csv]; Q10371414 (0.867; token_jaccard=0.67) Lebesgue sigma-algebra [layer1.csv],layer_match
Q516776,measurable function,https://leanprover-community.github.io/mathlib4_docs/Mathlib/MeasureTheory/MeasurableSpace/Defs.html#Measurable,measurable function,layer2.csv,1.000,exact_letters,Q9392172 (0.867; token_jaccard=0.67) Bochner measurable function [layer1.csv]; Q7624685 (0.867; token_jaccard=0.67) strongly measurable function [layer3.csv]; Q195174 (0.867; token_jaccard=0.67) weakly measurable function [layer3.csv],layer_match
Q4025690,positive measure,https://leanprover-community.github.io/mathlib4_docs/Mathlib/MeasureTheory/Measure/MeasureSpaceDef.html#MeasureTheory.Measure,Strictly positive measure,layer3.csv,0.867,token_jaccard=0.67,,layer_match
Q827230,Lebesgue measure,https://leanprover-community.github.io/mathlib4_docs/Mathlib/MeasureTheory/Measure/Haar/OfBasis.html#Real.measureSpace,Lebesgue measure,layer1.csv,1.000,exact_letters,Q25447455 (0.867; token_jaccard=0.67) Lebesgue outer measure [layer2.csv],layer_match
Q1591095,Hausdorff measure,https://leanprover-community.github.io/mathlib4_docs/Mathlib/MeasureTheory/Measure/Hausdorff.html#MeasureTheory.Measure.hausdorffMeasure,Hausdorff measure,layer3.csv,1.000,exact_letters,,layer_match
Q565186,Hausdorff dimension,https://leanprover-community.github.io/mathlib4_docs/Mathlib/Topology/MetricSpace/HausdorffDimension.html#dimH,Hausdorff dimension,layer3.csv,1.000,exact_letters,,layer_match
Q127915480,Giry monad,https://leanprover-community.github.io/mathlib4_docs/Mathlib/MeasureTheory/Measure/GiryMonad.html#MeasureTheory.Measure.instMeasurableSpace,Giry monad,layer3.csv,1.000,exact_letters,,layer_match
Q1153584,monotone convergence theorem,https://leanprover-community.github.io/mathlib4_docs/Mathlib/MeasureTheory/Integral/Lebesgue/Sub.html#MeasureTheory.lintegral_iInf_ae,monotone convergence theorem,layer3.csv,1.000,exact_letters,,layer_match
Q1068118,Fatou's lemma,https://leanprover-community.github.io/mathlib4_docs/Mathlib/MeasureTheory/Integral/Lebesgue/Add.html#MeasureTheory.lintegral_liminf_le,Fatou's lemma,layer2.csv,1.000,exact_letters,,layer_match
Q1530275,uniform integrability,https://leanprover-community.github.io/mathlib4_docs/Mathlib/MeasureTheory/Function/UniformIntegrable.html#MeasureTheory.UniformIntegrable,uniform integrability,layer1.csv,1.000,exact_letters,,layer_match
Q305936,$L^p$ space,https://leanprover-community.github.io/mathlib4_docs/Mathlib/MeasureTheory/Function/LpSpace/Basic.html#MeasureTheory.Lp,Lp space,layer2.csv,1.000,exact_letters,Q25109715 (0.867; token_jaccard=0.67) L∞ space [layer3.csv]; Q17118682 (0.867; token_jaccard=0.67) P-space [layer5.csv],layer_match
Q889019,Bochner integral,https://leanprover-community.github.io/mathlib4_docs/Mathlib/MeasureTheory/Integral/Bochner/Basic.html#MeasureTheory.integral,Bochner integral,layer1.csv,1.000,exact_letters,,layer_match
Q1067156,dominated convergence theorem,https://leanprover-community.github.io/mathlib4_docs/Mathlib/MeasureTheory/Integral/DominatedConvergence.html#MeasureTheory.tendsto_integral_of_dominated_convergence,dominated convergence theorem,layer3.csv,1.000,exact_letters,,layer_match
Q1149022,Fubini's theorem,https://leanprover-community.github.io/mathlib4_docs/Mathlib/MeasureTheory/Integral/Prod.html#MeasureTheory.integral_prod,Fubini's theorem,layer3.csv,1.000,exact_letters,Q1841237 (0.840; token_jaccard=0.60) Fubini's theorem on differentiation [layer3.csv],layer_match
Q210857,convolution,https://leanprover-community.github.io/mathlib4_docs/Mathlib/Analysis/Convolution.html#MeasureTheory.convolution,convolution,layer3.csv,1.000,exact_letters,Q5166604 (1.000; exact_letters) convolution [layer3.csv],layer_match
Q338886,divergence theorem,https://leanprover-community.github.io/mathlib4_docs/Mathlib/MeasureTheory/Integral/DivergenceTheorem.html#MeasureTheory.integral_divergence_of_hasFDerivWithinAt_off_countable,divergence theorem,layer3.csv,1.000,exact_letters,,layer_match
Q913764,Cauchy integral formula,https://leanprover-community.github.io/mathlib4_docs/Mathlib/Analysis/Complex/CauchyIntegral.html#DiffContOnCl.circleIntegral_sub_inv_smul,Cauchy's integral formula,layer5.csv,0.900,token_jaccard=0.75,,layer_match
Q1050230,maximum modulus principle,https://leanprover-community.github.io/mathlib4_docs/Mathlib/Analysis/Complex/AbsMax.html#Complex.eventually_eq_of_isLocalMax_norm,maximum modulus principle,layer3.csv,1.000,exact_letters,Q1914255 (0.867; token_jaccard=0.67) maximum principle [layer5.csv],layer_match
Q4751162,analyticity of holomorphic functions,https://leanprover-community.github.io/mathlib4_docs/Mathlib/Analysis/Complex/CauchyIntegral.html#DifferentiableOn.analyticAt,Analyticity of holomorphic functions,layer3.csv,1.000,exact_letters,,layer_match
Q1341771,Schwarz lemma,https://leanprover-community.github.io/mathlib4_docs/Mathlib/Analysis/Complex/Schwarz.html#Complex.abs_le_abs_of_mapsTo_ball_self,Schwarz lemma,layer2.csv,1.000,exact_letters,,layer_match
Q1974087,removable singularity,https://leanprover-community.github.io/mathlib4_docs/Mathlib/Analysis/Complex/RemovableSingularity.html#Complex.differentiableOn_update_limUnder_insert_of_isLittleO,removable singularity,layer5.csv,1.000,exact_letters,,layer_match
Q4378868,Phragmen-Lindelöf principle,https://leanprover-community.github.io/mathlib4_docs/Mathlib/Analysis/Complex/PhragmenLindelof.html#PhragmenLindelof.horizontal_strip,Phragmén–Lindelöf principle,layer3.csv,1.000,exact_letters,,layer_match
Q192760,fundamental theorem of algebra,https://leanprover-community.github.io/mathlib4_docs/Mathlib/Analysis/Complex/Polynomial/Basic.html#Complex.isAlgClosed,fundamental theorem of algebra,layer3.csv,1.000,exact_letters,Q5508975 (0.920; token_jaccard=0.80) fundamental theorem of linear algebra [layer5.csv]; Q670235 (0.840; token_jaccard=0.60) fundamental theorem of arithmetic [layer3.csv]; Q114727911 (0.840; token_jaccard=0.60) Fundamental theorem of calculus [layer2.csv]; Q1217677 (0.840; token_jaccard=0.60) fundamental theorem of calculus [layer3.csv],layer_match
Q1369621,Schwartz space,https://leanprover-community.github.io/mathlib4_docs/Mathlib/Analysis/Distribution/SchwartzSpace.html#SchwartzMap,Schwartz space,layer1.csv,1.000,exact_letters,,layer_match
Q1072771,inversion formula,https://leanprover-community.github.io/mathlib4_docs/Mathlib/Analysis/Fourier/Inversion.html#Continuous.fourier_inversion,Möbius inversion formula,layer1.csv,0.867,token_jaccard=0.67,,layer_match
Q9363284,Riemann-Lebesgue lemma,https://leanprover-community.github.io/mathlib4_docs/Mathlib/Analysis/Fourier/RiemannLebesgueLemma.html#tendsto_integral_exp_inner_smul_cocompact,Riemann–Lebesgue lemma,layer2.csv,1.000,exact_letters,,layer_match
Q355020,probability measure,https://leanprover-community.github.io/mathlib4_docs/Mathlib/MeasureTheory/Measure/Typeclasses/Probability.html#MeasureTheory.IsProbabilityMeasure,probability measure,layer5.csv,1.000,exact_letters,Q25377717 (0.867; token_jaccard=0.67) Sub-probability measure [layer4.csv],layer_match
Q625303,independent events,https://leanprover-community.github.io/mathlib4_docs/Mathlib/Probability/Independence/Basic.html#ProbabilityTheory.iIndepSet,independent events,layer3.csv,1.000,exact_letters,,layer_match
Q327069,conditional probability,https://leanprover-community.github.io/mathlib4_docs/Mathlib/Probability/ConditionalProbability.html#ProbabilityTheory.cond,conditional probability,layer2.csv,1.000,exact_letters,Q2300258 (0.867; token_jaccard=0.67) conditional probability distribution [layer3.csv],layer_match
Q772232,conditional expectation,https://leanprover-community.github.io/mathlib4_docs/Mathlib/MeasureTheory/Function/ConditionalExpectation/Basic.html#MeasureTheory.condExp,conditional expectation,layer5.csv,1.000,exact_letters,,layer_match
Q207522,probability density function,https://leanprover-community.github.io/mathlib4_docs/Mathlib/Probability/Density.html#MeasureTheory.HasPDF,probability density function,layer2.csv,1.000,exact_letters,,layer_match
Q3075263,variance of a real-valued random variable,https://leanprover-community.github.io/mathlib4_docs/Mathlib/Probability/Moments/Variance.html#ProbabilityTheory.variance,real-valued function of a real variable,layer4.csv,0.850,token_jaccard=0.62,,layer_match
Q5637553,convergence in probability,https://leanprover-community.github.io/mathlib4_docs/Mathlib/MeasureTheory/Function/ConvergenceInMeasure.html#MeasureTheory.TendstoInMeasure,convergence in probability,layer4.csv,1.000,exact_letters,,layer_match
Q2899409,almost sure convergence,https://leanprover-community.github.io/mathlib4_docs/Mathlib/MeasureTheory/OuterMeasure/AE.html#MeasureTheory.ae,almost sure convergence,layer4.csv,1.000,exact_letters,,layer_match
Q15912343,convergence in distribution,https://leanprover-community.github.io/mathlib4_docs/Mathlib/MeasureTheory/Measure/ProbabilityMeasure.html#MeasureTheory.ProbabilityMeasure.tendsto_iff_forall_integral_tendsto,Convergence in distribution,layer5.csv,1.000,exact_letters,,layer_match
Q25377495,strong law of large numbers,https://leanprover-community.github.io/mathlib4_docs/Mathlib/Probability/StrongLaw.html#ProbabilityTheory.strong_law_ae,strong law of large numbers,layer3.csv,1.000,exact_letters,Q207952 (0.920; token_jaccard=0.80) law of large numbers [layer3.csv]; Q2912340 (0.867; token_jaccard=0.67) Law of truly large numbers [layer3.csv]; Q25377496 (0.867; token_jaccard=0.67) weak law of large numbers [layer3.csv],layer_match
Q534112,martingale,https://leanprover-community.github.io/mathlib4_docs/Mathlib/Probability/Martingale/Basic.html#MeasureTheory.Martingale,martingale,layer1.csv,1.000,exact_letters,,layer_match
Q2027347,optional stopping theorem,https://leanprover-community.github.io/mathlib4_docs/Mathlib/Probability/Martingale/OptionalStopping.html#MeasureTheory.submartingale_iff_expected_stoppedValue_mono,optional stopping theorem,layer3.csv,1.000,exact_letters,,layer_match
Q1288707,stopping time,https://leanprover-community.github.io/mathlib4_docs/Mathlib/Probability/Process/Stopping.html#MeasureTheory.IsStoppingTime,stopping time,layer5.csv,1.000,exact_letters,,layer_match
Q5872687,hitting time,https://leanprover-community.github.io/mathlib4_docs/Mathlib/Probability/Process/HittingTime.html#MeasureTheory.hitting,hitting time,layer4.csv,1.000,exact_letters,,layer_match
Q382698,affine space,https://leanprover-community.github.io/mathlib4_docs/Mathlib/Algebra/AddTorsor/Defs.html#AddTorsor,affine space,layer2.csv,1.000,exact_letters,Q3058163 (0.867; token_jaccard=0.67) eucidean affine space [layer3.csv],layer_match
Q382734,affine subspace,https://leanprover-community.github.io/mathlib4_docs/Mathlib/LinearAlgebra/AffineSpace/AffineSubspace/Defs.html#AffineSubspace,affine subspace,layer3.csv,1.000,exact_letters,,layer_match
Q809690,barycenter,https://leanprover-community.github.io/mathlib4_docs/Mathlib/LinearAlgebra/AffineSpace/Combination.html#Finset.affineCombination,barycenter,layer5.csv,1.000,exact_letters,,layer_match
Q746550,tangent bundle,https://leanprover-community.github.io/mathlib4_docs/Mathlib/Geometry/Manifold/IsManifold/Basic.html#TangentBundle,tangent bundle,layer4.csv,1.000,exact_letters,Q5300098 (0.867; token_jaccard=0.67) double tangent bundle [layer5.csv]; Q3071328 (0.867; token_jaccard=0.67) unit tangent bundle [layer4.csv],layer_match
Q110535159,tangent map,https://leanprover-community.github.io/mathlib4_docs/Mathlib/Geometry/Manifold/MFDeriv/Defs.html#tangentMap,tangent map,layer1.csv,1.000,exact_letters,,layer_match
Q5478310,Lie bracket of vector field,https://leanprover-community.github.io/mathlib4_docs/Mathlib/Geometry/Manifold/VectorField/LieBracket.html#VectorField.mlieBracket,Lie bracket of vector fields,layer5.csv,0.867,token_jaccard=0.67,,layer_match
Q1151539,Jacobi/Leibniz identity,https://leanprover-community.github.io/mathlib4_docs/Mathlib/Geometry/Manifold/VectorField/LieBracket.html#VectorField.leibniz_identity_mlieBracket,Jacobi identity,layer3.csv,0.867,token_jaccard=0.67,,layer_match
Q622679,Lie group,https://leanprover-community.github.io/mathlib4_docs/Mathlib/Geometry/Manifold/Algebra/LieGroup.html#LieGroup,Lie group,layer3.csv,1.000,exact_letters,Q85739412 (0.867; token_jaccard=0.67) Abelian Lie group [layer5.csv]; Q3117687 (0.867; token_jaccard=0.67) commutative Lie group [layer2.csv]; Q3117689 (0.867; token_jaccard=0.67) compact Lie group [layer5.csv]; Q5156554 (0.867; token_jaccard=0.67) complex Lie group [layer4.csv],layer_match
Q12507,sphere,https://leanprover-community.github.io/mathlib4_docs/Mathlib/Geometry/Manifold/Instances/Sphere.html#EuclideanSpace.instIsManifoldSphere,sphere,layer2.csv,1.000,exact_letters,Q744500 (1.000; exact_letters) Sphere [layer5.csv],layer_match
Q78240777,closed interval,https://leanprover-community.github.io/mathlib4_docs/Mathlib/Geometry/Manifold/Instances/Real.html#instIsManifoldIcc,closed interval,layer4.csv,1.000,exact_letters,Q16708615 (0.867; token_jaccard=0.67) half-closed interval [layer5.csv]; Q115643611 (0.867; token_jaccard=0.67) left closed interval [layer5.csv]; Q115644632 (0.867; token_jaccard=0.67) right closed interval [layer5.csv],layer_match
Q658429,(smooth) vector bundle,https://leanprover-community.github.io/mathlib4_docs/Mathlib/Geometry/Manifold/VectorBundle/Basic.html#ContMDiffVectorBundle,vector bundle,layer3.csv,0.867,token_jaccard=0.67,,layer_match
Q147978,Zariski topology,https://leanprover-community.github.io/mathlib4_docs/Mathlib/RingTheory/Spectrum/Prime/Topology.html#PrimeSpectrum.zariskiTopology,Zariski topology,layer1.csv,1.000,exact_letters,,layer_match
Q91438488,locally ringed space,https://leanprover-community.github.io/mathlib4_docs/Mathlib/Geometry/RingedSpace/LocallyRingedSpace.html#AlgebraicGeometry.LocallyRingedSpace,locally ringed space,layer3.csv,1.000,exact_letters,Q168344 (0.867; token_jaccard=0.67) ringed space [layer3.csv],layer_match
Q111033323,scheme,https://leanprover-community.github.io/mathlib4_docs/Mathlib/AlgebraicGeometry/Scheme.html#AlgebraicGeometry.Scheme,Scheme,layer5.csv,1.000,exact_letters,Q1155772 (1.000; exact_letters) scheme [layer4.csv]; Q3951878 (1.000; exact_letters) scheme [layer2.csv],layer_match
Q64067920,infinite,https://leanprover-community.github.io/mathlib4_docs/Mathlib/Data/Fintype/Pigeonhole.html#Finite.exists_infinite_fiber,Infinite,layer5.csv,1.000,exact_letters,,layer_match
Q188276,strong pigeonhole principle,https://leanprover-community.github.io/mathlib4_docs/Mathlib/Combinatorics/Pigeonhole.html#Fintype.exists_lt_card_fiber_of_mul_lt_card,pigeonhole principle,layer4.csv,0.867,token_jaccard=0.67,,layer_match
Q536640,Hall's marriage theorem,https://leanprover-community.github.io/mathlib4_docs/Mathlib/Combinatorics/Hall/Basic.html#Finset.all_card_le_biUnion_card_iff_exists_injective,Hall's marriage theorem,layer3.csv,1.000,exact_letters,,layer_match
Q2226786,Sperner's theorem,https://leanprover-community.github.io/mathlib4_docs/Mathlib/Combinatorics/SetFamily/LYM.html#IsAntichain.sperner,Sperner's theorem,layer3.csv,1.000,exact_letters,,layer_match
Q17156650,Sauer-Shelah lemma,https://leanprover-community.github.io/mathlib4_docs/Mathlib/Combinatorics/SetFamily/Shatter.html#Finset.card_shatterer_le_sum_vcDim,Sauer–Shelah lemma,layer2.csv,1.000,exact_letters,,layer_match
Q3527102,Kruskal-Katona theorem,https://leanprover-community.github.io/mathlib4_docs/Mathlib/Combinatorics/SetFamily/KruskalKatona.html#Finset.kruskal_katona,Kruskal–Katona theorem,layer3.csv,1.000,exact_letters,,layer_match
Q15838309,simple graph,https://leanprover-community.github.io/mathlib4_docs/Mathlib/Combinatorics/SimpleGraph/Basic.html#SimpleGraph,simple graph,layer5.csv,1.000,exact_letters,,layer_match
Q1065144,matching,https://leanprover-community.github.io/mathlib4_docs/Mathlib/Combinatorics/SimpleGraph/Matching.html#SimpleGraph.Subgraph.IsMatching,matching,layer2.csv,1.000,exact_letters,Q122940417 (1.000; exact_letters) MATCHING [layer5.csv],layer_match
Q727035,adjacency matrix,https://leanprover-community.github.io/mathlib4_docs/Mathlib/Combinatorics/SimpleGraph/AdjMatrix.html#SimpleGraph.adjMatrix,adjacency matrix,layer4.csv,1.000,exact_letters,Q7446630 (0.867; token_jaccard=0.67) Seidel adjacency matrix [layer3.csv],layer_match
Q1047749,Turán's theorem,https://leanprover-community.github.io/mathlib4_docs/Mathlib/Combinatorics/SimpleGraph/Extremal/Turan.html#SimpleGraph.isTuranMaximal_iff_nonempty_iso_turanGraph,Turán's theorem,layer3.csv,1.000,exact_letters,,layer_match
Q1295910,Regularity lemma,https://leanprover-community.github.io/mathlib4_docs/Mathlib/Combinatorics/SimpleGraph/Regularity/Lemma.html#szemeredi_regularity,Szemerédi regularity lemma,layer4.csv,0.867,token_jaccard=0.67,,layer_match
Q1032886,Hales-Jewett theorem,https://leanprover-community.github.io/mathlib4_docs/Mathlib/Combinatorics/HalesJewett.html#Combinatorics.Line.exists_mono_in_high_dimension,Hales–Jewett theorem,layer3.csv,1.000,exact_letters,,layer_match
Q136089025,Hindman's theorem,https://leanprover-community.github.io/mathlib4_docs/Mathlib/Combinatorics/Hindman.html#Hindman.FS_partition_regular,Hindman's theorem,layer3.csv,1.000,exact_letters,,layer_match
Q5171652,Corners theorem,https://leanprover-community.github.io/mathlib4_docs/Mathlib/Combinatorics/Additive/Corner/Roth.html#corners_theorem_nat,corners theorem,layer3.csv,1.000,exact_letters,,layer_match
Q5179256,Ruzsa covering lemma,https://leanprover-community.github.io/mathlib4_docs/Mathlib/Combinatorics/Additive/RuzsaCovering.html#Set.ruzsa_covering_add,Covering lemma,layer5.csv,0.867,token_jaccard=0.67,,layer_match
Q5319493,Dyson transform,https://leanprover-community.github.io/mathlib4_docs/Mathlib/Combinatorics/Additive/ETransform.html#Finset.addDysonETransform,Dyson's transform,layer3.csv,0.867,token_jaccard=0.67,,layer_match
Q136089055,Cauchy-Davenport theorem,https://leanprover-community.github.io/mathlib4_docs/Mathlib/Combinatorics/Additive/CauchyDavenport.html#ZMod.cauchy_davenport,Cauchy–Davenport theorem,layer3.csv,1.000,exact_letters,Q53067086 (1.000; exact_letters) Cauchy–Davenport theorem [layer3.csv],layer_match
Q27948,list,https://leanprover-community.github.io/mathlib4_docs/Init/Prelude.html#List,list,layer3.csv,1.000,exact_letters,,layer_match
Q1224342,difference list,https://leanprover-community.github.io/mathlib4_docs/Batteries/Data/DList/Basic.html#Batteries.DList,difference list,layer4.csv,1.000,exact_letters,,layer_match
Q108739806,stream,https://leanprover-community.github.io/mathlib4_docs/Mathlib/Data/Stream/Defs.html#Stream',Stream,layer5.csv,1.000,exact_letters,Q618814 (1.000; exact_letters) stream [layer4.csv],layer_match
Q110832802,sequence,https://leanprover-community.github.io/mathlib4_docs/Mathlib/Data/Seq/Defs.html#Stream'.Seq,sequence,layer3.csv,1.000,exact_letters,Q133250 (1.000; exact_letters) sequence [layer2.csv]; Q1352777 (1.000; exact_letters) sequence [layer3.csv]; Q20820279 (1.000; exact_letters) Sequence [layer3.csv]; Q23767840 (1.000; exact_letters) Sequence [layer5.csv],layer_match
Q1514741,set,https://leanprover-community.github.io/mathlib4_docs/Mathlib/Data/Set/Defs.html#Set,set,layer3.csv,1.000,exact_letters,Q36161 (1.000; exact_letters) set [layer1.csv]; Q18385909 (1.000; token_jaccard=1.00) η set [layer5.csv],layer_match
Q272404,finite set,https://leanprover-community.github.io/mathlib4_docs/Mathlib/Data/Finset/Defs.html#Finset,finite set,layer3.csv,1.000,exact_letters,Q5737811 (0.867; token_jaccard=0.67) hereditarily finite set [layer4.csv],layer_match
Q29684847,multiset,https://leanprover-community.github.io/mathlib4_docs/Mathlib/Data/Multiset/Defs.html#Multiset,multiset,layer3.csv,1.000,exact_letters,Q864377 (1.000; exact_letters) multiset [layer1.csv],layer_match
Q109837757,tree,https://leanprover-community.github.io/mathlib4_docs/Mathlib/Data/Tree/Basic.html#Tree,Tree,layer5.csv,1.000,exact_letters,Q119132579 (1.000; exact_letters) tree [layer5.csv]; Q223655 (1.000; exact_letters) tree [layer3.csv]; Q272735 (1.000; exact_letters) tree [layer1.csv]; Q2859736 (1.000; exact_letters) tree [layer5.csv],layer_match
Q1570472,primitive recursive function,https://leanprover-community.github.io/mathlib4_docs/Mathlib/Computability/Primrec.html#Primrec,primitive recursive function,layer4.csv,1.000,exact_letters,Q18344565 (0.900; token_jaccard=0.75) primitive recursive set function [layer3.csv]; Q115471355 (0.867; token_jaccard=0.67) recursive function [layer5.csv]; Q284164 (0.867; token_jaccard=0.67) μ-recursive function [layer3.csv],layer_match
Q341835,Ackermann function,https://leanprover-community.github.io/mathlib4_docs/Mathlib/Computability/Ackermann.html#ack,Ackermann function,layer1.csv,1.000,exact_letters,,layer_match
Q163310,Turing machine,https://leanprover-community.github.io/mathlib4_docs/Mathlib/Computability/PostTuringMachine.html#Turing.TM0.Machine,Turing machine,layer3.csv,1.000,exact_letters,Q438833 (0.867; token_jaccard=0.67) Alternating Turing machine [layer5.csv]; Q1392048 (0.867; token_jaccard=0.67) multitape Turing machine [layer5.csv]; Q25325414 (0.867; token_jaccard=0.67) neural Turing machine [layer5.csv]; Q2574032 (0.867; token_jaccard=0.67) Post–Turing machine [layer4.csv],layer_match
Q622849,halting problem,https://leanprover-community.github.io/mathlib4_docs/Mathlib/Computability/Halting.html#ComputablePred.halting_problem,halting problem,layer3.csv,1.000,exact_letters,,layer_match
Q1320931,combinatorial game,https://leanprover-community.github.io/mathlib4_docs/Mathlib/SetTheory/Game/Basic.html#SetTheory.Game,combinatorial game theory,layer5.csv,0.867,token_jaccard=0.67,,layer_match
Q1137573,polynomial-time computation,https://leanprover-community.github.io/mathlib4_docs/Mathlib/Computability/TMComputable.html#Turing.TM2ComputableInPolyTime,polynomial time,layer3.csv,0.867,token_jaccard=0.67,,layer_match
Q338047,context-free grammar,https://leanprover-community.github.io/mathlib4_docs/Mathlib/Computability/ContextFreeGrammar.html#ContextFreeGrammar,context-free grammar,layer3.csv,1.000,exact_letters,Q3435975 (0.900; token_jaccard=0.75) deterministic context-free grammar [layer4.csv]; Q5532466 (0.900; token_jaccard=0.75) generalized context-free grammar [layer4.csv],layer_match
Q45722,cardinal,https://leanprover-community.github.io/mathlib4_docs/Mathlib/SetTheory/Cardinal/Defs.html#Cardinal,cardinal,layer5.csv,1.000,exact_letters,,layer_match
Q110765110,first-order formula,https://leanprover-community.github.io/mathlib4_docs/Mathlib/ModelTheory/Syntax.html#FirstOrder.Language.Formula,first-order formula,layer5.csv,1.000,exact_letters,,layer_match
Q859254,substructure,https://leanprover-community.github.io/mathlib4_docs/Mathlib/ModelTheory/Substructures.html#FirstOrder.Language.Substructure,Substructure,layer1.csv,1.000,exact_letters,,layer_match
Q2895824,definable set,https://leanprover-community.github.io/mathlib4_docs/Mathlib/ModelTheory/Definability.html#Set.Definable,definable set,layer2.csv,1.000,exact_letters,Q384699 (0.867; token_jaccard=0.67) ordinal definable set [layer4.csv],layer_match
Q1149458,Compactness theorem,https://leanprover-community.github.io/mathlib4_docs/Mathlib/ModelTheory/Satisfiability.html#FirstOrder.Language.Theory.isSatisfiable_iff_isFinitelySatisfiable,compactness theorem,layer3.csv,1.000,exact_letters,Q4865980 (0.867; token_jaccard=0.67) Barwise compactness theorem [layer3.csv],layer_match
Q1068283,Löwenheim-Skolem,https://leanprover-community.github.io/mathlib4_docs/Mathlib/ModelTheory/Satisfiability.html#FirstOrder.Language.exists_elementaryEmbedding_card_eq,Löwenheim–Skolem theorem,layer3.csv,0.867,token_jaccard=0.67,,layer_match
Q320577,Yoneda embedding,https://leanprover-community.github.io/mathlib4_docs/Mathlib/CategoryTheory/Yoneda.html#CategoryTheory.yoneda,Yoneda lemma,,,,,layer_miss_wikimapper
Q357858,adjunction,https://leanprover-community.github.io/mathlib4_docs/Mathlib/CategoryTheory/Adjunction/Basic.html#CategoryTheory.Adjunction,Adjoint functors,,,,,layer_miss_wikimapper
Q1780005,comma category,https://leanprover-community.github.io/mathlib4_docs/Mathlib/CategoryTheory/Comma/Basic.html#CategoryTheory.Comma,Comma category,,,,,layer_miss_wikimapper
Q246639,limits,https://leanprover-community.github.io/mathlib4_docs/Mathlib/CategoryTheory/Limits/IsLimit.html#CategoryTheory.Limits.IsLimit,Limit,,,,,layer_miss_wikimapper
Q21199,natural number,https://leanprover-community.github.io/mathlib4_docs/Init/Prelude.html#Nat,Natural numbers,,,,,layer_miss_wikimapper
Q2039387,extended real number,https://leanprover-community.github.io/mathlib4_docs/Mathlib/Data/EReal/Basic.html#EReal,Extended real number line,,,,,layer_miss_wikimapper
Q868169,group morphism,https://leanprover-community.github.io/mathlib4_docs/Mathlib/Algebra/Group/Hom/Defs.html#MonoidHom,Group homomorphism,,,,,layer_miss_wikimapper
Q1194212,ring morphism,https://leanprover-community.github.io/mathlib4_docs/Mathlib/Algebra/Ring/Hom/Defs.html#RingHom,Ring homomorphism,,,,,layer_miss_wikimapper
Q251307,localization,https://leanprover-community.github.io/mathlib4_docs/Mathlib/GroupTheory/MonoidLocalization/Basic.html#Localization,Localization,,,,,layer_miss_wikimapper
Q1052579,unique factorisation domain,https://leanprover-community.github.io/mathlib4_docs/Mathlib/RingTheory/UniqueFactorizationDomain/Defs.html#UniqueFactorizationMonoid,Unique factorization domain,,,,,layer_miss_wikimapper
Q1138992,Lucas-Lehmer primality test,https://leanprover-community.github.io/mathlib4_docs/Mathlib/NumberTheory/LucasLehmer.html#lucas_lehmer_sufficiency,Lucas–Lehmer primality test,,,,,layer_miss_wikimapper
Q214604,roots of a polynomial,https://leanprover-community.github.io/mathlib4_docs/Mathlib/Algebra/Polynomial/Roots.html#Polynomial.roots,Zero of a function,,,,,layer_miss_wikimapper
Q656645,Hilbert basis theorem,https://leanprover-community.github.io/mathlib4_docs/Mathlib/RingTheory/Polynomial/Basic.html#Polynomial.isNoetherianRing,Hilbert's basis theorem,,,,,layer_miss_wikimapper
Q836088,characteristic of a ring,https://leanprover-community.github.io/mathlib4_docs/Mathlib/Algebra/CharP/Defs.html#ringChar,Characteristic (algebra),,,,,layer_miss_wikimapper
Q836088,characteristic zero,https://leanprover-community.github.io/mathlib4_docs/Mathlib/Algebra/CharZero/Defs.html#CharZero,Characteristic (algebra),,,,,layer_miss_wikimapper
Q836088,characteristic p,https://leanprover-community.github.io/mathlib4_docs/Mathlib/Algebra/CharP/Defs.html#CharP,Characteristic (algebra),,,,,layer_miss_wikimapper
Q769124,Frobenius morphism,https://leanprover-community.github.io/mathlib4_docs/Mathlib/Algebra/CharP/Lemmas.html#frobenius,Frobenius endomorphism,,,,,layer_miss_wikimapper
Q2997763,rupture field,https://leanprover-community.github.io/mathlib4_docs/Mathlib/RingTheory/AdjoinRoot.html#AdjoinRoot,Rupture field,,,,,layer_miss_wikimapper
Q2997817,perfect closure,https://leanprover-community.github.io/mathlib4_docs/Mathlib/FieldTheory/PerfectClosure.html#PerfectClosure,Perfect field,,,,,layer_miss_wikimapper
Q1491747,Galois correspondence,https://leanprover-community.github.io/mathlib4_docs/Mathlib/FieldTheory/Galois/Basic.html#IsGalois.intermediateFieldEquivSubgroup,Galois connection,,,,,layer_miss_wikimapper
Q25303848,sum of two squares,https://leanprover-community.github.io/mathlib4_docs/Mathlib/NumberTheory/SumTwoSquares.html#Nat.Prime.sq_add_sq,Sum of two squares,,,,,layer_miss_wikimapper
Q756946,sum of four squares,https://leanprover-community.github.io/mathlib4_docs/Mathlib/NumberTheory/SumFourSquares.html#Nat.sum_four_squares,Lagrange's four-square theorem,,,,,layer_miss_wikimapper
Q140744,arithmetic functions,https://leanprover-community.github.io/mathlib4_docs/Mathlib/NumberTheory/ArithmeticFunction.html#ArithmeticFunction,Arithmetic function,,,,,layer_miss_wikimapper
Q694114,Bernoulli numbers,https://leanprover-community.github.io/mathlib4_docs/Mathlib/NumberTheory/Bernoulli.html#bernoulli,Bernoulli number,,,,,layer_miss_wikimapper
Q3291120,Dirichlet class number formula,https://leanprover-community.github.io/mathlib4_docs/Mathlib/NumberTheory/NumberField/DedekindZeta.html#NumberField.tendsto_sub_one_mul_dedekindZeta_nhdsGT,Class number formula,,,,,layer_miss_wikimapper
Q752487,dual vector space,https://leanprover-community.github.io/mathlib4_docs/Mathlib/LinearAlgebra/Dual/Defs.html#Module.Dual,Dual space,,,,,layer_miss_wikimapper
Q7625162,structure theorem,https://leanprover-community.github.io/mathlib4_docs/Mathlib/Algebra/Module/PID.html#Module.equiv_free_prod_directSum,Structure theorem,,,,,layer_miss_wikimapper
Q242188,invertibility,https://leanprover-community.github.io/mathlib4_docs/Mathlib/LinearAlgebra/Matrix/NonsingularInverse.html#Matrix.inv,Matrix inversion,,,,,layer_miss_wikimapper
Q6787889,matrix representation,https://leanprover-community.github.io/mathlib4_docs/Mathlib/LinearAlgebra/Matrix/BilinearForm.html#BilinForm.toMatrix,Matrix representation,,,,,layer_miss_wikimapper
Q858223,cluster point,https://leanprover-community.github.io/mathlib4_docs/Mathlib/Topology/Defs/Filter.html#ClusterPt,Accumulation point,,,,,layer_miss_wikimapper
Q1193403,extension by continuity,https://leanprover-community.github.io/mathlib4_docs/Mathlib/Topology/DenseEmbedding.html#IsDenseInducing.extend,Regular space,,,,,layer_miss_wikimapper
Q1491995,connectedness,https://leanprover-community.github.io/mathlib4_docs/Mathlib/Topology/Connected/Basic.html#ConnectedSpace,Connected space,,,,,layer_miss_wikimapper
Q652446,Cauchy filter,https://leanprover-community.github.io/mathlib4_docs/Mathlib/Topology/UniformSpace/Cauchy.html#Cauchy,Uniform space,,,,,layer_miss_wikimapper
Q170198,infinite sum,https://leanprover-community.github.io/mathlib4_docs/Mathlib/Topology/Algebra/InfiniteSum/Defs.html#HasSum,Series (mathematics),,,,,layer_miss_wikimapper
Q652707,Lipschitz continuity,https://leanprover-community.github.io/mathlib4_docs/Mathlib/Topology/EMetricSpace/Lipschitz.html#LipschitzWith,Lipschitz continuity,,,,,layer_miss_wikimapper
Q91259930,Hölder continuity,https://leanprover-community.github.io/mathlib4_docs/Mathlib/Topology/MetricSpace/Holder.html#HolderWith,Holder continuous,,,,,layer_miss_wikimapper
Q96373820,Bornology,https://leanprover-community.github.io/mathlib4_docs/Mathlib/Topology/Bornology/Basic.html#Bornology,Bornology,,,,,layer_miss_wikimapper
Q1509647,adjoint operator,https://leanprover-community.github.io/mathlib4_docs/Mathlib/Analysis/InnerProductSpace/LinearPMap.html#LinearPMap.adjoint,Adjoint operator,,,,,layer_miss_wikimapper
Q6500908,self-adjoint operator,https://leanprover-community.github.io/mathlib4_docs/Mathlib/Algebra/Star/SelfAdjoint.html#IsSelfAdjoint,Hermitian operator,,,,,layer_miss_wikimapper
Q9993851,Lax-Milgram theorem,https://leanprover-community.github.io/mathlib4_docs/Mathlib/Analysis/InnerProductSpace/LaxMilgram.html#IsCoercive.continuousLinearEquivOfBilin,Weak formulation,,,,,layer_miss_wikimapper
Q868473,$C^k$ function,https://leanprover-community.github.io/mathlib4_docs/Mathlib/Analysis/Calculus/ContDiff/Defs.html#ContDiff,Smooth function,,,,,layer_miss_wikimapper
Q845060,local extrema,https://leanprover-community.github.io/mathlib4_docs/Mathlib/Analysis/Calculus/LocalExtr/Basic.html#IsLocalMin.fderiv_eq_zero,Relative extrema,,,,,layer_miss_wikimapper
Q4391173,exponential,https://leanprover-community.github.io/mathlib4_docs/Mathlib/Analysis/Complex/Exponential.html#Real.exp,Exponential (category theory),,,,,layer_miss_wikimapper
Q674533,inverse trigonometric functions,https://leanprover-community.github.io/mathlib4_docs/Mathlib/Analysis/SpecialFunctions/Trigonometric/Inverse.html#Real.arcsin,Inverse trigonometric functions,,,,,layer_miss_wikimapper
Q204034,hyperbolic trigonometric functions,https://leanprover-community.github.io/mathlib4_docs/Mathlib/Analysis/Complex/Trigonometric.html#Real.sinh,Hyperbolic functions,,,,,layer_miss_wikimapper
Q21086747,Borel sigma-algebra,https://leanprover-community.github.io/mathlib4_docs/Mathlib/MeasureTheory/Constructions/BorelSpace/Basic.html#BorelSpace,Borel set,,,,,layer_miss_wikimapper
Q3799278,Stieltjes measure,https://leanprover-community.github.io/mathlib4_docs/Mathlib/MeasureTheory/Measure/Stieltjes.html#StieltjesFunction.measure,Lebesgue–Stieltjes integration,,,,,layer_miss_wikimapper
Q1071270,change of variables formula,https://leanprover-community.github.io/mathlib4_docs/Mathlib/MeasureTheory/Function/Jacobian.html#MeasureTheory.integral_image_eq_integral_abs_det_fderiv_smul,Inverse chain rule method,,,,,layer_miss_wikimapper
Q530730,Liouville theorem,https://leanprover-community.github.io/mathlib4_docs/Mathlib/Analysis/Complex/Liouville.html#Differentiable.apply_eq_apply_of_bounded,Liouville's theorem,,,,,layer_miss_wikimapper
Q625303,independence of random variables,https://leanprover-community.github.io/mathlib4_docs/Mathlib/Probability/Independence/Basic.html#ProbabilityTheory.iIndepFun,Independence (probability theory),,,,,layer_miss_wikimapper
Q2004664,Kolmogorov's $0$-$1$ law,https://leanprover-community.github.io/mathlib4_docs/Mathlib/Probability/Independence/ZeroOne.html#ProbabilityTheory.measure_zero_or_one_of_measurableSet_limsup_atTop,Kolmogorov's zero–one law,,,,,layer_miss_wikimapper
Q842436,Markov inequality,https://leanprover-community.github.io/mathlib4_docs/Mathlib/MeasureTheory/Integral/Lebesgue/Markov.html#MeasureTheory.mul_meas_ge_le_lintegral,Markov's inequality,,,,,layer_miss_wikimapper
Q249514,Chebyshev inequality,https://leanprover-community.github.io/mathlib4_docs/Mathlib/Probability/Moments/Variance.html#ProbabilityTheory.meas_ge_le_variance_div_sq,Chebyshev's inequality,,,,,layer_miss_wikimapper
Q382497,affine function,https://leanprover-community.github.io/mathlib4_docs/Mathlib/LinearAlgebra/AffineSpace/AffineMap.html#AffineMap,Affine transformation,,,,,layer_miss_wikimapper
Q382504,affine span,https://leanprover-community.github.io/mathlib4_docs/Mathlib/LinearAlgebra/AffineSpace/AffineSubspace/Defs.html#affineSpan,Affine hull,,,,,layer_miss_wikimapper
Q11352,angle,https://leanprover-community.github.io/mathlib4_docs/Mathlib/Geometry/Euclidean/Angle/Unoriented/Basic.html#InnerProductGeometry.angle,Angle,,,,,layer_miss_wikimapper
Q203920,interior of a manifold,https://leanprover-community.github.io/mathlib4_docs/Mathlib/Geometry/Manifold/IsManifold/InteriorBoundary.html#ModelWithCorners.interior,ManiFold,,,,,layer_miss_wikimapper
Q203920,boundary of a manifold,https://leanprover-community.github.io/mathlib4_docs/Mathlib/Geometry/Manifold/IsManifold/InteriorBoundary.html#ModelWithCorners.boundary,ManiFold,,,,,layer_miss_wikimapper
Q1154351,prime spectrum,https://leanprover-community.github.io/mathlib4_docs/Mathlib/RingTheory/Spectrum/Prime/Defs.html#PrimeSpectrum,Spectrum of a ring,,,,,layer_miss_wikimapper
Q1068976,Nullstellensatz,https://leanprover-community.github.io/mathlib4_docs/Mathlib/RingTheory/Nullstellensatz.html#MvPolynomial.vanishingIdeal_zeroLocus_eq_radical,Hilbert's Nullstellensatz,,,,,layer_miss_wikimapper
Q11516722,finite,https://leanprover-community.github.io/mathlib4_docs/Mathlib/Data/Fintype/Pigeonhole.html#Fintype.exists_ne_map_eq_of_card_lt,Finitely,,,,,layer_miss_wikimapper
Q270513,Catalan numbers,https://leanprover-community.github.io/mathlib4_docs/Mathlib/Combinatorics/Enumerative/Catalan.html#catalan,Catalan number,,,,,layer_miss_wikimapper
Q816063,Bell numbers,https://leanprover-community.github.io/mathlib4_docs/Mathlib/Combinatorics/Enumerative/Bell.html#Multiset.bell,Bell number,,,,,layer_miss_wikimapper
Q1268618,Dyck words,https://leanprover-community.github.io/mathlib4_docs/Mathlib/Combinatorics/Enumerative/DyckWord.html#DyckWord,Dyck word,,,,,layer_miss_wikimapper
Q4695203,Four functions theorem,https://leanprover-community.github.io/mathlib4_docs/Mathlib/Combinatorics/SetFamily/FourFunctions.html#four_functions_theorem,Ahlswede–Daykin inequality,,,,,layer_miss_wikimapper
Q1872826,LYM inequality,https://leanprover-community.github.io/mathlib4_docs/Mathlib/Combinatorics/SetFamily/LYM.html#Finset.lubell_yamamoto_meshalkin_inequality_sum_card_div_choose,LYM inequality,,,,,layer_miss_wikimapper
Q2662236,VC dimension,https://leanprover-community.github.io/mathlib4_docs/Mathlib/Combinatorics/SetFamily/Shatter.html#Finset.vcDim,Vapnik–Chervonenkis dimension,,,,,layer_miss_wikimapper
Q692823,Strongly regular graphs,https://leanprover-community.github.io/mathlib4_docs/Mathlib/Combinatorics/SimpleGraph/StronglyRegular.html#SimpleGraph.IsSRGWith,Strongly regular graph,,,,,layer_miss_wikimapper
Q62931187,Triangle removal lemma,https://leanprover-community.github.io/mathlib4_docs/Mathlib/Combinatorics/SimpleGraph/Triangle/Removal.html#SimpleGraph.triangle_removal,Graph removal lemma,,,,,layer_miss_wikimapper
Q764287,van der Waerden theorem,https://leanprover-community.github.io/mathlib4_docs/Mathlib/Combinatorics/HalesJewett.html#Combinatorics.exists_mono_homothetic_copy,Van der Waerden's theorem,,,,,layer_miss_wikimapper
Q751120,Roth's theorem,https://leanprover-community.github.io/mathlib4_docs/Mathlib/Combinatorics/Additive/Corner/Roth.html#roth_3ap_theorem_nat,Roth's theorem,,,,,layer_miss_wikimapper
Q85798239,Ruzsa triangle inequality,https://leanprover-community.github.io/mathlib4_docs/Mathlib/Combinatorics/Additive/PluenneckeRuzsa.html#Finset.ruzsa_triangle_inequality_sub_sub_sub,Ruzsa triangle inequality,,,,,layer_miss_wikimapper
Q716171,Erdős–Ginzburg–Ziv theorem,https://leanprover-community.github.io/mathlib4_docs/Mathlib/Combinatorics/Additive/ErdosGinzburgZiv.html#ZMod.erdos_ginzburg_ziv,Zero-sum problem,,,,,layer_miss_wikimapper
Q5456381,fixed points,https://leanprover-community.github.io/mathlib4_docs/Mathlib/Dynamics/FixedPoints/Basic.html#Function.fixedPoints,Fixed Point,,,,,layer_miss_wikimapper
Q44337,array,https://leanprover-community.github.io/mathlib4_docs/Init/Prelude.html#Array,Matrix (Mathematics),,,,,layer_miss_wikimapper
Q4982735,weak sequence,https://leanprover-community.github.io/mathlib4_docs/Mathlib/Data/WSeq/Basic.html#Stream'.WSeq,Buchsbaum ring,,,,,layer_miss_wikimapper
Q474715,ordered set,https://leanprover-community.github.io/mathlib4_docs/Mathlib/Data/Ordmap/Ordset.html#Ordset,PartialOrderedSet,,,,,layer_miss_wikimapper
Q207440,hash map,https://leanprover-community.github.io/mathlib4_docs/Std/Data/HashMap/Basic.html#Std.HashMap,Hash table,,,,,layer_miss_wikimapper
Q2370289,finite map,https://leanprover-community.github.io/mathlib4_docs/Mathlib/Data/Finmap.html#Finmap,Finite morphism,,,,,layer_miss_wikimapper
Q506496,red-black tree,https://leanprover-community.github.io/mathlib4_docs/Batteries/Data/RBMap/Basic.html#Batteries.RBSet,Red–black tree,,,,,layer_miss_wikimapper
Q17092426,W type,https://leanprover-community.github.io/mathlib4_docs/Mathlib/Data/W/Basic.html#WType,Inductive type,,,,,layer_miss_wikimapper
Q1893717,Rice theorem,https://leanprover-community.github.io/mathlib4_docs/Mathlib/Computability/Halting.html#ComputablePred.rice,Rice's theorem,,,,,layer_miss_wikimapper
Q1527413,Turing degrees,https://leanprover-community.github.io/mathlib4_docs/Mathlib/Computability/TuringDegree.html#TuringDegree,Turing degree,,,,,layer_miss_wikimapper
Q192161,language,https://leanprover-community.github.io/mathlib4_docs/Mathlib/Computability/Language.html#Language,Formal language,,,,,layer_miss_wikimapper
Q670618,Arden's lemma,https://leanprover-community.github.io/mathlib4_docs/Mathlib/Computability/Language.html#Language.self_eq_mul_add_iff,Arden's rule,,,,,layer_miss_wikimapper
Q752532,regular language,https://leanprover-community.github.io/mathlib4_docs/Mathlib/Computability/DFA.html#Language.IsRegular,Regular language,,,,,layer_miss_wikimapper
Q400625,DFA,https://leanprover-community.github.io/mathlib4_docs/Mathlib/Computability/DFA.html#DFA,DFA,,,,,layer_miss_wikimapper
Q340313,NFA,https://leanprover-community.github.io/mathlib4_docs/Mathlib/Computability/NFA.html#NFA,NFA,,,,,layer_miss_wikimapper
Q185612,regular expression,https://leanprover-community.github.io/mathlib4_docs/Mathlib/Computability/RegularExpressions.html#RegularExpression,Regular expression,,,,,layer_miss_wikimapper
Q729271,context-free language,https://leanprover-community.github.io/mathlib4_docs/Mathlib/Computability/ContextFreeGrammar.html#Language.IsContextFree,Context-free language,,,,,layer_miss_wikimapper
Q191780,ordinal,https://leanprover-community.github.io/mathlib4_docs/Mathlib/SetTheory/Ordinal/Basic.html#Ordinal,Ordinal numbers,,,,,layer_miss_wikimapper
Q1350299,satisfiability,https://leanprover-community.github.io/mathlib4_docs/Mathlib/ModelTheory/Satisfiability.html#FirstOrder.Language.Theory.IsSatisfiable,Satisfiability problem,,,,,layer_miss_wikimapper
Q877149,elementary embedding,https://leanprover-community.github.io/mathlib4_docs/Mathlib/ModelTheory/ElementaryMaps.html#FirstOrder.Language.ElementaryEmbedding,Elementary embedding,,,,,layer_miss_wikimapper
