Child Lean,Child Label,Child Wikidata ID,Child Mathlib Link,Parent Lean,Parent Label,Parent Wikidata ID,Parent Mathlib Link,Depth,Path
AddTorsor,affine space,Q382698,https://leanprover-community.github.io/mathlib4_docs/Mathlib/Algebra/AddTorsor/Defs.html#AddTorsor,AddAction,,,https://leanprover-community.github.io/mathlib4_docs/Algebra/Group/Action/Defs.html#AddAction,1,AddTorsor > AddAction
AddTorsor,affine space,Q382698,https://leanprover-community.github.io/mathlib4_docs/Mathlib/Algebra/AddTorsor/Defs.html#AddTorsor,VSub,,,https://leanprover-community.github.io/mathlib4_docs/Algebra/Notation/Defs.html#VSub,1,AddTorsor > VSub
AddTorsor,affine space,Q382698,https://leanprover-community.github.io/mathlib4_docs/Mathlib/Algebra/AddTorsor/Defs.html#AddTorsor,VAdd,,,https://leanprover-community.github.io/mathlib4_docs/Algebra/Notation/Defs.html#VAdd,2,AddTorsor > AddAction > VAdd
Algebra,algebra over a ring,Q2030545,https://leanprover-community.github.io/mathlib4_docs/Mathlib/Algebra/Algebra/Defs.html#Algebra,SMul,,,,1,Algebra > SMul
AlgebraicGeometry.LocallyRingedSpace,locally ringed space,Q91438488,https://leanprover-community.github.io/mathlib4_docs/Mathlib/Geometry/RingedSpace/LocallyRingedSpace.html#AlgebraicGeometry.LocallyRingedSpace,SheafedSpace,,,https://leanprover-community.github.io/mathlib4_docs/Geometry/RingedSpace/SheafedSpace.html#SheafedSpace,1,AlgebraicGeometry.LocallyRingedSpace > SheafedSpace
AlgebraicGeometry.LocallyRingedSpace,locally ringed space,Q91438488,https://leanprover-community.github.io/mathlib4_docs/Mathlib/Geometry/RingedSpace/LocallyRingedSpace.html#AlgebraicGeometry.LocallyRingedSpace,PresheafedSpace,,,https://leanprover-community.github.io/mathlib4_docs/Geometry/RingedSpace/PresheafedSpace.html#PresheafedSpace,2,AlgebraicGeometry.LocallyRingedSpace > SheafedSpace > PresheafedSpace
AlgebraicGeometry.Scheme,Scheme,Q111033323,https://leanprover-community.github.io/mathlib4_docs/Mathlib/AlgebraicGeometry/Scheme.html#AlgebraicGeometry.Scheme,LocallyRingedSpace,locally ringed space,Q91438488,https://leanprover-community.github.io/mathlib4_docs/Mathlib/Geometry/RingedSpace/LocallyRingedSpace.html#AlgebraicGeometry.LocallyRingedSpace,1,AlgebraicGeometry.Scheme > LocallyRingedSpace
AlgebraicGeometry.Scheme,Scheme,Q111033323,https://leanprover-community.github.io/mathlib4_docs/Mathlib/AlgebraicGeometry/Scheme.html#AlgebraicGeometry.Scheme,SheafedSpace,,,https://leanprover-community.github.io/mathlib4_docs/Geometry/RingedSpace/SheafedSpace.html#SheafedSpace,2,AlgebraicGeometry.Scheme > LocallyRingedSpace > SheafedSpace
AlgebraicGeometry.Scheme,Scheme,Q111033323,https://leanprover-community.github.io/mathlib4_docs/Mathlib/AlgebraicGeometry/Scheme.html#AlgebraicGeometry.Scheme,PresheafedSpace,,,https://leanprover-community.github.io/mathlib4_docs/Geometry/RingedSpace/PresheafedSpace.html#PresheafedSpace,3,AlgebraicGeometry.Scheme > LocallyRingedSpace > SheafedSpace > PresheafedSpace
AlternatingMap,alternating multilinear map,Q4736615,https://leanprover-community.github.io/mathlib4_docs/Mathlib/LinearAlgebra/Alternating/Basic.html#AlternatingMap,MultilinearMap,multilinear map,Q1952404,https://leanprover-community.github.io/mathlib4_docs/Mathlib/LinearAlgebra/Multilinear/Basic.html#MultilinearMap,1,AlternatingMap > MultilinearMap
CategoryTheory.Abelian,abelian category,Q318737,https://leanprover-community.github.io/mathlib4_docs/Mathlib/CategoryTheory/Abelian/Basic.html#CategoryTheory.Abelian,IsNormalEpiCategory,,,https://leanprover-community.github.io/mathlib4_docs/CategoryTheory/Limits/Shapes/NormalMono/Basic.html#IsNormalEpiCategory,1,CategoryTheory.Abelian > IsNormalEpiCategory
CategoryTheory.Abelian,abelian category,Q318737,https://leanprover-community.github.io/mathlib4_docs/Mathlib/CategoryTheory/Abelian/Basic.html#CategoryTheory.Abelian,IsNormalMonoCategory,,,https://leanprover-community.github.io/mathlib4_docs/CategoryTheory/Limits/Shapes/NormalMono/Basic.html#IsNormalMonoCategory,1,CategoryTheory.Abelian > IsNormalMonoCategory
CategoryTheory.Abelian,abelian category,Q318737,https://leanprover-community.github.io/mathlib4_docs/Mathlib/CategoryTheory/Abelian/Basic.html#CategoryTheory.Abelian,Preadditive,,,https://leanprover-community.github.io/mathlib4_docs/CategoryTheory/Preadditive/Basic.html#Preadditive,1,CategoryTheory.Abelian > Preadditive
CategoryTheory.Category,category,Q719395,https://leanprover-community.github.io/mathlib4_docs/Mathlib/CategoryTheory/Category/Basic.html#CategoryTheory.Category,CategoryStruct.,,,,1,CategoryTheory.Category > CategoryStruct.
CategoryTheory.Monad,monad,Q1579914,https://leanprover-community.github.io/mathlib4_docs/Mathlib/CategoryTheory/Monad/Basic.html#CategoryTheory.Monad,C,,,,1,CategoryTheory.Monad > C
CategoryTheory.MonoidalCategory,Monoidal category,Q1945014,https://leanprover-community.github.io/mathlib4_docs/Mathlib/CategoryTheory/Monoidal/Category.html#CategoryTheory.MonoidalCategory,MonoidalCategoryStruct,,,https://leanprover-community.github.io/mathlib4_docs/CategoryTheory/Monoidal/Category.html#MonoidalCategoryStruct,1,CategoryTheory.MonoidalCategory > MonoidalCategoryStruct
ConnectedSpace,Connected space,Q1491995,https://leanprover-community.github.io/mathlib4_docs/Mathlib/Topology/Connected/Basic.html#ConnectedSpace,PreconnectedSpace,,,https://leanprover-community.github.io/mathlib4_docs/Topology/Connected/Basic.html#PreconnectedSpace,1,ConnectedSpace > PreconnectedSpace
ContinuousLinearMap,Linear map,Q207643,https://leanprover-community.github.io/mathlib4_docs/Mathlib/Topology/Algebra/Module/LinearMap.html#ContinuousLinearMap,M,,,,1,ContinuousLinearMap > M
DivisionRing,division ring,Q650741,https://leanprover-community.github.io/mathlib4_docs/Mathlib/Algebra/Field/Defs.html#DivisionRing,DivInvMonoid,,,https://leanprover-community.github.io/mathlib4_docs/Algebra/Group/Defs.html#DivInvMonoid,1,DivisionRing > DivInvMonoid
DivisionRing,division ring,Q650741,https://leanprover-community.github.io/mathlib4_docs/Mathlib/Algebra/Field/Defs.html#DivisionRing,NNRatCast,,,https://leanprover-community.github.io/mathlib4_docs/Data/Rat/Init.html#NNRatCast,1,DivisionRing > NNRatCast
DivisionRing,division ring,Q650741,https://leanprover-community.github.io/mathlib4_docs/Mathlib/Algebra/Field/Defs.html#DivisionRing,Nontrivial,,,https://leanprover-community.github.io/mathlib4_docs/Logic/Nontrivial/Defs.html#Nontrivial,1,DivisionRing > Nontrivial
DivisionRing,division ring,Q650741,https://leanprover-community.github.io/mathlib4_docs/Mathlib/Algebra/Field/Defs.html#DivisionRing,RatCast,,,,1,DivisionRing > RatCast
DivisionRing,division ring,Q650741,https://leanprover-community.github.io/mathlib4_docs/Mathlib/Algebra/Field/Defs.html#DivisionRing,Ring,ring,Q161172,https://leanprover-community.github.io/mathlib4_docs/Mathlib/Algebra/Ring/Defs.html#Ring,1,DivisionRing > Ring
DivisionRing,division ring,Q650741,https://leanprover-community.github.io/mathlib4_docs/Mathlib/Algebra/Field/Defs.html#DivisionRing,AddCommGroup,,,https://leanprover-community.github.io/mathlib4_docs/Algebra/Group/Defs.html#AddCommGroup,2,DivisionRing > Ring > AddCommGroup
DivisionRing,division ring,Q650741,https://leanprover-community.github.io/mathlib4_docs/Mathlib/Algebra/Field/Defs.html#DivisionRing,AddGroupWithOne,,,https://leanprover-community.github.io/mathlib4_docs/Data/Int/Cast/Defs.html#AddGroupWithOne,2,DivisionRing > Ring > AddGroupWithOne
DivisionRing,division ring,Q650741,https://leanprover-community.github.io/mathlib4_docs/Mathlib/Algebra/Field/Defs.html#DivisionRing,Div,,,,2,DivisionRing > DivInvMonoid > Div
DivisionRing,division ring,Q650741,https://leanprover-community.github.io/mathlib4_docs/Mathlib/Algebra/Field/Defs.html#DivisionRing,Inv,,,,2,DivisionRing > DivInvMonoid > Inv
DivisionRing,division ring,Q650741,https://leanprover-community.github.io/mathlib4_docs/Mathlib/Algebra/Field/Defs.html#DivisionRing,Monoid,monoid,Q208237,https://leanprover-community.github.io/mathlib4_docs/Mathlib/Algebra/Group/Defs.html#Monoid,2,DivisionRing > DivInvMonoid > Monoid
DivisionRing,division ring,Q650741,https://leanprover-community.github.io/mathlib4_docs/Mathlib/Algebra/Field/Defs.html#DivisionRing,Semiring,semiring,Q1333055,https://leanprover-community.github.io/mathlib4_docs/Mathlib/Algebra/Ring/Defs.html#Semiring,2,DivisionRing > Ring > Semiring
DivisionRing,division ring,Q650741,https://leanprover-community.github.io/mathlib4_docs/Mathlib/Algebra/Field/Defs.html#DivisionRing,AddCommMonoid,,,https://leanprover-community.github.io/mathlib4_docs/Algebra/Group/Defs.html#AddCommMonoid,3,DivisionRing > Ring > AddCommGroup > AddCommMonoid
DivisionRing,division ring,Q650741,https://leanprover-community.github.io/mathlib4_docs/Mathlib/Algebra/Field/Defs.html#DivisionRing,AddGroup,,,https://leanprover-community.github.io/mathlib4_docs/Algebra/Group/Defs.html#AddGroup,3,DivisionRing > Ring > AddCommGroup > AddGroup
DivisionRing,division ring,Q650741,https://leanprover-community.github.io/mathlib4_docs/Mathlib/Algebra/Field/Defs.html#DivisionRing,AddMonoidWithOne,,,https://leanprover-community.github.io/mathlib4_docs/Data/Nat/Cast/Defs.html#AddMonoidWithOne,3,DivisionRing > Ring > AddGroupWithOne > AddMonoidWithOne
DivisionRing,division ring,Q650741,https://leanprover-community.github.io/mathlib4_docs/Mathlib/Algebra/Field/Defs.html#DivisionRing,IntCast,,,,3,DivisionRing > Ring > AddGroupWithOne > IntCast
DivisionRing,division ring,Q650741,https://leanprover-community.github.io/mathlib4_docs/Mathlib/Algebra/Field/Defs.html#DivisionRing,MonoidWithZero,,,https://leanprover-community.github.io/mathlib4_docs/Algebra/GroupWithZero/Defs.html#MonoidWithZero,3,DivisionRing > Ring > Semiring > MonoidWithZero
DivisionRing,division ring,Q650741,https://leanprover-community.github.io/mathlib4_docs/Mathlib/Algebra/Field/Defs.html#DivisionRing,MulOneClass,,,https://leanprover-community.github.io/mathlib4_docs/Algebra/Group/Defs.html#MulOneClass,3,DivisionRing > DivInvMonoid > Monoid > MulOneClass
DivisionRing,division ring,Q650741,https://leanprover-community.github.io/mathlib4_docs/Mathlib/Algebra/Field/Defs.html#DivisionRing,NonAssocSemiring,,,https://leanprover-community.github.io/mathlib4_docs/Algebra/Ring/Defs.html#NonAssocSemiring,3,DivisionRing > Ring > Semiring > NonAssocSemiring
DivisionRing,division ring,Q650741,https://leanprover-community.github.io/mathlib4_docs/Mathlib/Algebra/Field/Defs.html#DivisionRing,NonUnitalSemiring,,,https://leanprover-community.github.io/mathlib4_docs/Algebra/Ring/Defs.html#NonUnitalSemiring,3,DivisionRing > Ring > Semiring > NonUnitalSemiring
DivisionRing,division ring,Q650741,https://leanprover-community.github.io/mathlib4_docs/Mathlib/Algebra/Field/Defs.html#DivisionRing,Semigroup,semigroup,Q207348,https://leanprover-community.github.io/mathlib4_docs/Mathlib/Algebra/Group/Defs.html#Semigroup,3,DivisionRing > DivInvMonoid > Monoid > Semigroup
DivisionRing,division ring,Q650741,https://leanprover-community.github.io/mathlib4_docs/Mathlib/Algebra/Field/Defs.html#DivisionRing,AddCommMonoidWithOne,,,https://leanprover-community.github.io/mathlib4_docs/Data/Nat/Cast/Defs.html#AddCommMonoidWithOne,4,DivisionRing > Ring > Semiring > NonAssocSemiring > AddCommMonoidWithOne
DivisionRing,division ring,Q650741,https://leanprover-community.github.io/mathlib4_docs/Mathlib/Algebra/Field/Defs.html#DivisionRing,AddCommSemigroup,,,https://leanprover-community.github.io/mathlib4_docs/Algebra/Group/Defs.html#AddCommSemigroup,4,DivisionRing > Ring > AddCommGroup > AddCommMonoid > AddCommSemigroup
DivisionRing,division ring,Q650741,https://leanprover-community.github.io/mathlib4_docs/Mathlib/Algebra/Field/Defs.html#DivisionRing,AddMonoid,,,https://leanprover-community.github.io/mathlib4_docs/Algebra/Group/Defs.html#AddMonoid,4,DivisionRing > Ring > AddCommGroup > AddCommMonoid > AddMonoid
DivisionRing,division ring,Q650741,https://leanprover-community.github.io/mathlib4_docs/Mathlib/Algebra/Field/Defs.html#DivisionRing,Mul,,,,4,DivisionRing > DivInvMonoid > Monoid > Semigroup > Mul
DivisionRing,division ring,Q650741,https://leanprover-community.github.io/mathlib4_docs/Mathlib/Algebra/Field/Defs.html#DivisionRing,MulOne,,,https://leanprover-community.github.io/mathlib4_docs/Algebra/Group/Defs.html#MulOne,4,DivisionRing > DivInvMonoid > Monoid > MulOneClass > MulOne
DivisionRing,division ring,Q650741,https://leanprover-community.github.io/mathlib4_docs/Mathlib/Algebra/Field/Defs.html#DivisionRing,MulZeroOneClass,,,https://leanprover-community.github.io/mathlib4_docs/Algebra/GroupWithZero/Defs.html#MulZeroOneClass,4,DivisionRing > Ring > Semiring > NonAssocSemiring > MulZeroOneClass
DivisionRing,division ring,Q650741,https://leanprover-community.github.io/mathlib4_docs/Mathlib/Algebra/Field/Defs.html#DivisionRing,NatCast,,,,4,DivisionRing > Ring > AddGroupWithOne > AddMonoidWithOne > NatCast
DivisionRing,division ring,Q650741,https://leanprover-community.github.io/mathlib4_docs/Mathlib/Algebra/Field/Defs.html#DivisionRing,NonUnitalNonAssocSemiring,,,https://leanprover-community.github.io/mathlib4_docs/Algebra/Ring/Defs.html#NonUnitalNonAssocSemiring,4,DivisionRing > Ring > Semiring > NonUnitalSemiring > NonUnitalNonAssocSemiring
DivisionRing,division ring,Q650741,https://leanprover-community.github.io/mathlib4_docs/Mathlib/Algebra/Field/Defs.html#DivisionRing,One,,,,4,DivisionRing > Ring > AddGroupWithOne > AddMonoidWithOne > One
DivisionRing,division ring,Q650741,https://leanprover-community.github.io/mathlib4_docs/Mathlib/Algebra/Field/Defs.html#DivisionRing,SemigroupWithZero,,,https://leanprover-community.github.io/mathlib4_docs/Algebra/GroupWithZero/Defs.html#SemigroupWithZero,4,DivisionRing > Ring > Semiring > NonUnitalSemiring > SemigroupWithZero
DivisionRing,division ring,Q650741,https://leanprover-community.github.io/mathlib4_docs/Mathlib/Algebra/Field/Defs.html#DivisionRing,SubNegMonoid,,,https://leanprover-community.github.io/mathlib4_docs/Algebra/Group/Defs.html#SubNegMonoid,4,DivisionRing > Ring > AddCommGroup > AddGroup > SubNegMonoid
DivisionRing,division ring,Q650741,https://leanprover-community.github.io/mathlib4_docs/Mathlib/Algebra/Field/Defs.html#DivisionRing,AddCommMagma,,,https://leanprover-community.github.io/mathlib4_docs/Algebra/Group/Defs.html#AddCommMagma,5,DivisionRing > Ring > AddCommGroup > AddCommMonoid > AddCommSemigroup > AddCommMagma
DivisionRing,division ring,Q650741,https://leanprover-community.github.io/mathlib4_docs/Mathlib/Algebra/Field/Defs.html#DivisionRing,AddSemigroup,,,https://leanprover-community.github.io/mathlib4_docs/Algebra/Group/Defs.html#AddSemigroup,5,DivisionRing > Ring > AddCommGroup > AddCommMonoid > AddMonoid > AddSemigroup
DivisionRing,division ring,Q650741,https://leanprover-community.github.io/mathlib4_docs/Mathlib/Algebra/Field/Defs.html#DivisionRing,AddZeroClass,,,https://leanprover-community.github.io/mathlib4_docs/Algebra/Group/Defs.html#AddZeroClass,5,DivisionRing > Ring > AddCommGroup > AddCommMonoid > AddMonoid > AddZeroClass
DivisionRing,division ring,Q650741,https://leanprover-community.github.io/mathlib4_docs/Mathlib/Algebra/Field/Defs.html#DivisionRing,Distrib,,,https://leanprover-community.github.io/mathlib4_docs/Algebra/Ring/Defs.html#Distrib,5,DivisionRing > Ring > Semiring > NonUnitalSemiring > NonUnitalNonAssocSemiring > Distrib
DivisionRing,division ring,Q650741,https://leanprover-community.github.io/mathlib4_docs/Mathlib/Algebra/Field/Defs.html#DivisionRing,MulZeroClass,,,https://leanprover-community.github.io/mathlib4_docs/Algebra/GroupWithZero/Defs.html#MulZeroClass,5,DivisionRing > Ring > Semiring > NonUnitalSemiring > NonUnitalNonAssocSemiring > MulZeroClass
DivisionRing,division ring,Q650741,https://leanprover-community.github.io/mathlib4_docs/Mathlib/Algebra/Field/Defs.html#DivisionRing,Neg,,,,5,DivisionRing > Ring > AddCommGroup > AddGroup > SubNegMonoid > Neg
DivisionRing,division ring,Q650741,https://leanprover-community.github.io/mathlib4_docs/Mathlib/Algebra/Field/Defs.html#DivisionRing,Sub,,,,5,DivisionRing > Ring > AddCommGroup > AddGroup > SubNegMonoid > Sub
DivisionRing,division ring,Q650741,https://leanprover-community.github.io/mathlib4_docs/Mathlib/Algebra/Field/Defs.html#DivisionRing,Add,,,,6,DivisionRing > Ring > Semiring > NonUnitalSemiring > NonUnitalNonAssocSemiring > Distrib > Add
DivisionRing,division ring,Q650741,https://leanprover-community.github.io/mathlib4_docs/Mathlib/Algebra/Field/Defs.html#DivisionRing,AddZero,,,https://leanprover-community.github.io/mathlib4_docs/Algebra/Group/Defs.html#AddZero,6,DivisionRing > Ring > AddCommGroup > AddCommMonoid > AddMonoid > AddZeroClass > AddZero
DivisionRing,division ring,Q650741,https://leanprover-community.github.io/mathlib4_docs/Mathlib/Algebra/Field/Defs.html#DivisionRing,Zero,,,,6,DivisionRing > Ring > Semiring > NonUnitalSemiring > NonUnitalNonAssocSemiring > MulZeroClass > Zero
EuclideanDomain,Euclidean domain,Q867345,https://leanprover-community.github.io/mathlib4_docs/Mathlib/Algebra/EuclideanDomain/Defs.html#EuclideanDomain,CommRing,,,https://leanprover-community.github.io/mathlib4_docs/Algebra/Ring/Defs.html#CommRing,1,EuclideanDomain > CommRing
EuclideanDomain,Euclidean domain,Q867345,https://leanprover-community.github.io/mathlib4_docs/Mathlib/Algebra/EuclideanDomain/Defs.html#EuclideanDomain,Nontrivial,,,https://leanprover-community.github.io/mathlib4_docs/Logic/Nontrivial/Defs.html#Nontrivial,1,EuclideanDomain > Nontrivial
EuclideanDomain,Euclidean domain,Q867345,https://leanprover-community.github.io/mathlib4_docs/Mathlib/Algebra/EuclideanDomain/Defs.html#EuclideanDomain,CommMonoid,,,https://leanprover-community.github.io/mathlib4_docs/Algebra/Group/Defs.html#CommMonoid,2,EuclideanDomain > CommRing > CommMonoid
EuclideanDomain,Euclidean domain,Q867345,https://leanprover-community.github.io/mathlib4_docs/Mathlib/Algebra/EuclideanDomain/Defs.html#EuclideanDomain,Ring,ring,Q161172,https://leanprover-community.github.io/mathlib4_docs/Mathlib/Algebra/Ring/Defs.html#Ring,2,EuclideanDomain > CommRing > Ring
EuclideanDomain,Euclidean domain,Q867345,https://leanprover-community.github.io/mathlib4_docs/Mathlib/Algebra/EuclideanDomain/Defs.html#EuclideanDomain,AddCommGroup,,,https://leanprover-community.github.io/mathlib4_docs/Algebra/Group/Defs.html#AddCommGroup,3,EuclideanDomain > CommRing > Ring > AddCommGroup
EuclideanDomain,Euclidean domain,Q867345,https://leanprover-community.github.io/mathlib4_docs/Mathlib/Algebra/EuclideanDomain/Defs.html#EuclideanDomain,AddGroupWithOne,,,https://leanprover-community.github.io/mathlib4_docs/Data/Int/Cast/Defs.html#AddGroupWithOne,3,EuclideanDomain > CommRing > Ring > AddGroupWithOne
EuclideanDomain,Euclidean domain,Q867345,https://leanprover-community.github.io/mathlib4_docs/Mathlib/Algebra/EuclideanDomain/Defs.html#EuclideanDomain,CommSemigroup,,,https://leanprover-community.github.io/mathlib4_docs/Algebra/Group/Defs.html#CommSemigroup,3,EuclideanDomain > CommRing > CommMonoid > CommSemigroup
EuclideanDomain,Euclidean domain,Q867345,https://leanprover-community.github.io/mathlib4_docs/Mathlib/Algebra/EuclideanDomain/Defs.html#EuclideanDomain,Monoid,monoid,Q208237,https://leanprover-community.github.io/mathlib4_docs/Mathlib/Algebra/Group/Defs.html#Monoid,3,EuclideanDomain > CommRing > CommMonoid > Monoid
EuclideanDomain,Euclidean domain,Q867345,https://leanprover-community.github.io/mathlib4_docs/Mathlib/Algebra/EuclideanDomain/Defs.html#EuclideanDomain,Semiring,semiring,Q1333055,https://leanprover-community.github.io/mathlib4_docs/Mathlib/Algebra/Ring/Defs.html#Semiring,3,EuclideanDomain > CommRing > Ring > Semiring
EuclideanDomain,Euclidean domain,Q867345,https://leanprover-community.github.io/mathlib4_docs/Mathlib/Algebra/EuclideanDomain/Defs.html#EuclideanDomain,AddCommMonoid,,,https://leanprover-community.github.io/mathlib4_docs/Algebra/Group/Defs.html#AddCommMonoid,4,EuclideanDomain > CommRing > Ring > AddCommGroup > AddCommMonoid
EuclideanDomain,Euclidean domain,Q867345,https://leanprover-community.github.io/mathlib4_docs/Mathlib/Algebra/EuclideanDomain/Defs.html#EuclideanDomain,AddGroup,,,https://leanprover-community.github.io/mathlib4_docs/Algebra/Group/Defs.html#AddGroup,4,EuclideanDomain > CommRing > Ring > AddCommGroup > AddGroup
EuclideanDomain,Euclidean domain,Q867345,https://leanprover-community.github.io/mathlib4_docs/Mathlib/Algebra/EuclideanDomain/Defs.html#EuclideanDomain,AddMonoidWithOne,,,https://leanprover-community.github.io/mathlib4_docs/Data/Nat/Cast/Defs.html#AddMonoidWithOne,4,EuclideanDomain > CommRing > Ring > AddGroupWithOne > AddMonoidWithOne
EuclideanDomain,Euclidean domain,Q867345,https://leanprover-community.github.io/mathlib4_docs/Mathlib/Algebra/EuclideanDomain/Defs.html#EuclideanDomain,CommMagma,,,https://leanprover-community.github.io/mathlib4_docs/Algebra/Group/Defs.html#CommMagma,4,EuclideanDomain > CommRing > CommMonoid > CommSemigroup > CommMagma
EuclideanDomain,Euclidean domain,Q867345,https://leanprover-community.github.io/mathlib4_docs/Mathlib/Algebra/EuclideanDomain/Defs.html#EuclideanDomain,IntCast,,,,4,EuclideanDomain > CommRing > Ring > AddGroupWithOne > IntCast
EuclideanDomain,Euclidean domain,Q867345,https://leanprover-community.github.io/mathlib4_docs/Mathlib/Algebra/EuclideanDomain/Defs.html#EuclideanDomain,MonoidWithZero,,,https://leanprover-community.github.io/mathlib4_docs/Algebra/GroupWithZero/Defs.html#MonoidWithZero,4,EuclideanDomain > CommRing > Ring > Semiring > MonoidWithZero
EuclideanDomain,Euclidean domain,Q867345,https://leanprover-community.github.io/mathlib4_docs/Mathlib/Algebra/EuclideanDomain/Defs.html#EuclideanDomain,MulOneClass,,,https://leanprover-community.github.io/mathlib4_docs/Algebra/Group/Defs.html#MulOneClass,4,EuclideanDomain > CommRing > CommMonoid > Monoid > MulOneClass
EuclideanDomain,Euclidean domain,Q867345,https://leanprover-community.github.io/mathlib4_docs/Mathlib/Algebra/EuclideanDomain/Defs.html#EuclideanDomain,NonAssocSemiring,,,https://leanprover-community.github.io/mathlib4_docs/Algebra/Ring/Defs.html#NonAssocSemiring,4,EuclideanDomain > CommRing > Ring > Semiring > NonAssocSemiring
EuclideanDomain,Euclidean domain,Q867345,https://leanprover-community.github.io/mathlib4_docs/Mathlib/Algebra/EuclideanDomain/Defs.html#EuclideanDomain,NonUnitalSemiring,,,https://leanprover-community.github.io/mathlib4_docs/Algebra/Ring/Defs.html#NonUnitalSemiring,4,EuclideanDomain > CommRing > Ring > Semiring > NonUnitalSemiring
EuclideanDomain,Euclidean domain,Q867345,https://leanprover-community.github.io/mathlib4_docs/Mathlib/Algebra/EuclideanDomain/Defs.html#EuclideanDomain,Semigroup,semigroup,Q207348,https://leanprover-community.github.io/mathlib4_docs/Mathlib/Algebra/Group/Defs.html#Semigroup,4,EuclideanDomain > CommRing > CommMonoid > Monoid > Semigroup
EuclideanDomain,Euclidean domain,Q867345,https://leanprover-community.github.io/mathlib4_docs/Mathlib/Algebra/EuclideanDomain/Defs.html#EuclideanDomain,AddCommMonoidWithOne,,,https://leanprover-community.github.io/mathlib4_docs/Data/Nat/Cast/Defs.html#AddCommMonoidWithOne,5,EuclideanDomain > CommRing > Ring > Semiring > NonAssocSemiring > AddCommMonoidWithOne
EuclideanDomain,Euclidean domain,Q867345,https://leanprover-community.github.io/mathlib4_docs/Mathlib/Algebra/EuclideanDomain/Defs.html#EuclideanDomain,AddCommSemigroup,,,https://leanprover-community.github.io/mathlib4_docs/Algebra/Group/Defs.html#AddCommSemigroup,5,EuclideanDomain > CommRing > Ring > AddCommGroup > AddCommMonoid > AddCommSemigroup
EuclideanDomain,Euclidean domain,Q867345,https://leanprover-community.github.io/mathlib4_docs/Mathlib/Algebra/EuclideanDomain/Defs.html#EuclideanDomain,AddMonoid,,,https://leanprover-community.github.io/mathlib4_docs/Algebra/Group/Defs.html#AddMonoid,5,EuclideanDomain > CommRing > Ring > AddCommGroup > AddCommMonoid > AddMonoid
EuclideanDomain,Euclidean domain,Q867345,https://leanprover-community.github.io/mathlib4_docs/Mathlib/Algebra/EuclideanDomain/Defs.html#EuclideanDomain,Mul,,,,5,EuclideanDomain > CommRing > CommMonoid > Monoid > Semigroup > Mul
EuclideanDomain,Euclidean domain,Q867345,https://leanprover-community.github.io/mathlib4_docs/Mathlib/Algebra/EuclideanDomain/Defs.html#EuclideanDomain,MulOne,,,https://leanprover-community.github.io/mathlib4_docs/Algebra/Group/Defs.html#MulOne,5,EuclideanDomain > CommRing > CommMonoid > Monoid > MulOneClass > MulOne
EuclideanDomain,Euclidean domain,Q867345,https://leanprover-community.github.io/mathlib4_docs/Mathlib/Algebra/EuclideanDomain/Defs.html#EuclideanDomain,MulZeroOneClass,,,https://leanprover-community.github.io/mathlib4_docs/Algebra/GroupWithZero/Defs.html#MulZeroOneClass,5,EuclideanDomain > CommRing > Ring > Semiring > NonAssocSemiring > MulZeroOneClass
EuclideanDomain,Euclidean domain,Q867345,https://leanprover-community.github.io/mathlib4_docs/Mathlib/Algebra/EuclideanDomain/Defs.html#EuclideanDomain,NatCast,,,,5,EuclideanDomain > CommRing > Ring > AddGroupWithOne > AddMonoidWithOne > NatCast
EuclideanDomain,Euclidean domain,Q867345,https://leanprover-community.github.io/mathlib4_docs/Mathlib/Algebra/EuclideanDomain/Defs.html#EuclideanDomain,NonUnitalNonAssocSemiring,,,https://leanprover-community.github.io/mathlib4_docs/Algebra/Ring/Defs.html#NonUnitalNonAssocSemiring,5,EuclideanDomain > CommRing > Ring > Semiring > NonUnitalSemiring > NonUnitalNonAssocSemiring
EuclideanDomain,Euclidean domain,Q867345,https://leanprover-community.github.io/mathlib4_docs/Mathlib/Algebra/EuclideanDomain/Defs.html#EuclideanDomain,One,,,,5,EuclideanDomain > CommRing > Ring > AddGroupWithOne > AddMonoidWithOne > One
EuclideanDomain,Euclidean domain,Q867345,https://leanprover-community.github.io/mathlib4_docs/Mathlib/Algebra/EuclideanDomain/Defs.html#EuclideanDomain,SemigroupWithZero,,,https://leanprover-community.github.io/mathlib4_docs/Algebra/GroupWithZero/Defs.html#SemigroupWithZero,5,EuclideanDomain > CommRing > Ring > Semiring > NonUnitalSemiring > SemigroupWithZero
EuclideanDomain,Euclidean domain,Q867345,https://leanprover-community.github.io/mathlib4_docs/Mathlib/Algebra/EuclideanDomain/Defs.html#EuclideanDomain,SubNegMonoid,,,https://leanprover-community.github.io/mathlib4_docs/Algebra/Group/Defs.html#SubNegMonoid,5,EuclideanDomain > CommRing > Ring > AddCommGroup > AddGroup > SubNegMonoid
EuclideanDomain,Euclidean domain,Q867345,https://leanprover-community.github.io/mathlib4_docs/Mathlib/Algebra/EuclideanDomain/Defs.html#EuclideanDomain,AddCommMagma,,,https://leanprover-community.github.io/mathlib4_docs/Algebra/Group/Defs.html#AddCommMagma,6,EuclideanDomain > CommRing > Ring > AddCommGroup > AddCommMonoid > AddCommSemigroup > AddCommMagma
EuclideanDomain,Euclidean domain,Q867345,https://leanprover-community.github.io/mathlib4_docs/Mathlib/Algebra/EuclideanDomain/Defs.html#EuclideanDomain,AddSemigroup,,,https://leanprover-community.github.io/mathlib4_docs/Algebra/Group/Defs.html#AddSemigroup,6,EuclideanDomain > CommRing > Ring > AddCommGroup > AddCommMonoid > AddMonoid > AddSemigroup
EuclideanDomain,Euclidean domain,Q867345,https://leanprover-community.github.io/mathlib4_docs/Mathlib/Algebra/EuclideanDomain/Defs.html#EuclideanDomain,AddZeroClass,,,https://leanprover-community.github.io/mathlib4_docs/Algebra/Group/Defs.html#AddZeroClass,6,EuclideanDomain > CommRing > Ring > AddCommGroup > AddCommMonoid > AddMonoid > AddZeroClass
EuclideanDomain,Euclidean domain,Q867345,https://leanprover-community.github.io/mathlib4_docs/Mathlib/Algebra/EuclideanDomain/Defs.html#EuclideanDomain,Distrib,,,https://leanprover-community.github.io/mathlib4_docs/Algebra/Ring/Defs.html#Distrib,6,EuclideanDomain > CommRing > Ring > Semiring > NonUnitalSemiring > NonUnitalNonAssocSemiring > Distrib
EuclideanDomain,Euclidean domain,Q867345,https://leanprover-community.github.io/mathlib4_docs/Mathlib/Algebra/EuclideanDomain/Defs.html#EuclideanDomain,MulZeroClass,,,https://leanprover-community.github.io/mathlib4_docs/Algebra/GroupWithZero/Defs.html#MulZeroClass,6,EuclideanDomain > CommRing > Ring > Semiring > NonUnitalSemiring > NonUnitalNonAssocSemiring > MulZeroClass
EuclideanDomain,Euclidean domain,Q867345,https://leanprover-community.github.io/mathlib4_docs/Mathlib/Algebra/EuclideanDomain/Defs.html#EuclideanDomain,Neg,,,,6,EuclideanDomain > CommRing > Ring > AddCommGroup > AddGroup > SubNegMonoid > Neg
EuclideanDomain,Euclidean domain,Q867345,https://leanprover-community.github.io/mathlib4_docs/Mathlib/Algebra/EuclideanDomain/Defs.html#EuclideanDomain,Sub,,,,6,EuclideanDomain > CommRing > Ring > AddCommGroup > AddGroup > SubNegMonoid > Sub
EuclideanDomain,Euclidean domain,Q867345,https://leanprover-community.github.io/mathlib4_docs/Mathlib/Algebra/EuclideanDomain/Defs.html#EuclideanDomain,Add,,,,7,EuclideanDomain > CommRing > Ring > Semiring > NonUnitalSemiring > NonUnitalNonAssocSemiring > Distrib > Add
EuclideanDomain,Euclidean domain,Q867345,https://leanprover-community.github.io/mathlib4_docs/Mathlib/Algebra/EuclideanDomain/Defs.html#EuclideanDomain,AddZero,,,https://leanprover-community.github.io/mathlib4_docs/Algebra/Group/Defs.html#AddZero,7,EuclideanDomain > CommRing > Ring > AddCommGroup > AddCommMonoid > AddMonoid > AddZeroClass > AddZero
EuclideanDomain,Euclidean domain,Q867345,https://leanprover-community.github.io/mathlib4_docs/Mathlib/Algebra/EuclideanDomain/Defs.html#EuclideanDomain,Zero,,,,7,EuclideanDomain > CommRing > Ring > Semiring > NonUnitalSemiring > NonUnitalNonAssocSemiring > MulZeroClass > Zero
Field,field,Q1172412,https://leanprover-community.github.io/mathlib4_docs/Mathlib/Algebra/Field/Defs.html#Field,CommRing,,,https://leanprover-community.github.io/mathlib4_docs/Algebra/Ring/Defs.html#CommRing,1,Field > CommRing
Field,field,Q1172412,https://leanprover-community.github.io/mathlib4_docs/Mathlib/Algebra/Field/Defs.html#Field,DivisionRing,division ring,Q650741,https://leanprover-community.github.io/mathlib4_docs/Mathlib/Algebra/Field/Defs.html#DivisionRing,1,Field > DivisionRing
Field,field,Q1172412,https://leanprover-community.github.io/mathlib4_docs/Mathlib/Algebra/Field/Defs.html#Field,CommMonoid,,,https://leanprover-community.github.io/mathlib4_docs/Algebra/Group/Defs.html#CommMonoid,2,Field > CommRing > CommMonoid
Field,field,Q1172412,https://leanprover-community.github.io/mathlib4_docs/Mathlib/Algebra/Field/Defs.html#Field,DivInvMonoid,,,https://leanprover-community.github.io/mathlib4_docs/Algebra/Group/Defs.html#DivInvMonoid,2,Field > DivisionRing > DivInvMonoid
Field,field,Q1172412,https://leanprover-community.github.io/mathlib4_docs/Mathlib/Algebra/Field/Defs.html#Field,NNRatCast,,,https://leanprover-community.github.io/mathlib4_docs/Data/Rat/Init.html#NNRatCast,2,Field > DivisionRing > NNRatCast
Field,field,Q1172412,https://leanprover-community.github.io/mathlib4_docs/Mathlib/Algebra/Field/Defs.html#Field,Nontrivial,,,https://leanprover-community.github.io/mathlib4_docs/Logic/Nontrivial/Defs.html#Nontrivial,2,Field > DivisionRing > Nontrivial
Field,field,Q1172412,https://leanprover-community.github.io/mathlib4_docs/Mathlib/Algebra/Field/Defs.html#Field,RatCast,,,,2,Field > DivisionRing > RatCast
Field,field,Q1172412,https://leanprover-community.github.io/mathlib4_docs/Mathlib/Algebra/Field/Defs.html#Field,Ring,ring,Q161172,https://leanprover-community.github.io/mathlib4_docs/Mathlib/Algebra/Ring/Defs.html#Ring,2,Field > CommRing > Ring
Field,field,Q1172412,https://leanprover-community.github.io/mathlib4_docs/Mathlib/Algebra/Field/Defs.html#Field,AddCommGroup,,,https://leanprover-community.github.io/mathlib4_docs/Algebra/Group/Defs.html#AddCommGroup,3,Field > CommRing > Ring > AddCommGroup
Field,field,Q1172412,https://leanprover-community.github.io/mathlib4_docs/Mathlib/Algebra/Field/Defs.html#Field,AddGroupWithOne,,,https://leanprover-community.github.io/mathlib4_docs/Data/Int/Cast/Defs.html#AddGroupWithOne,3,Field > CommRing > Ring > AddGroupWithOne
Field,field,Q1172412,https://leanprover-community.github.io/mathlib4_docs/Mathlib/Algebra/Field/Defs.html#Field,CommSemigroup,,,https://leanprover-community.github.io/mathlib4_docs/Algebra/Group/Defs.html#CommSemigroup,3,Field > CommRing > CommMonoid > CommSemigroup
Field,field,Q1172412,https://leanprover-community.github.io/mathlib4_docs/Mathlib/Algebra/Field/Defs.html#Field,Div,,,,3,Field > DivisionRing > DivInvMonoid > Div
Field,field,Q1172412,https://leanprover-community.github.io/mathlib4_docs/Mathlib/Algebra/Field/Defs.html#Field,Inv,,,,3,Field > DivisionRing > DivInvMonoid > Inv
Field,field,Q1172412,https://leanprover-community.github.io/mathlib4_docs/Mathlib/Algebra/Field/Defs.html#Field,Monoid,monoid,Q208237,https://leanprover-community.github.io/mathlib4_docs/Mathlib/Algebra/Group/Defs.html#Monoid,3,Field > CommRing > CommMonoid > Monoid
Field,field,Q1172412,https://leanprover-community.github.io/mathlib4_docs/Mathlib/Algebra/Field/Defs.html#Field,Semiring,semiring,Q1333055,https://leanprover-community.github.io/mathlib4_docs/Mathlib/Algebra/Ring/Defs.html#Semiring,3,Field > CommRing > Ring > Semiring
Field,field,Q1172412,https://leanprover-community.github.io/mathlib4_docs/Mathlib/Algebra/Field/Defs.html#Field,AddCommMonoid,,,https://leanprover-community.github.io/mathlib4_docs/Algebra/Group/Defs.html#AddCommMonoid,4,Field > CommRing > Ring > AddCommGroup > AddCommMonoid
Field,field,Q1172412,https://leanprover-community.github.io/mathlib4_docs/Mathlib/Algebra/Field/Defs.html#Field,AddGroup,,,https://leanprover-community.github.io/mathlib4_docs/Algebra/Group/Defs.html#AddGroup,4,Field > CommRing > Ring > AddCommGroup > AddGroup
Field,field,Q1172412,https://leanprover-community.github.io/mathlib4_docs/Mathlib/Algebra/Field/Defs.html#Field,AddMonoidWithOne,,,https://leanprover-community.github.io/mathlib4_docs/Data/Nat/Cast/Defs.html#AddMonoidWithOne,4,Field > CommRing > Ring > AddGroupWithOne > AddMonoidWithOne
Field,field,Q1172412,https://leanprover-community.github.io/mathlib4_docs/Mathlib/Algebra/Field/Defs.html#Field,CommMagma,,,https://leanprover-community.github.io/mathlib4_docs/Algebra/Group/Defs.html#CommMagma,4,Field > CommRing > CommMonoid > CommSemigroup > CommMagma
Field,field,Q1172412,https://leanprover-community.github.io/mathlib4_docs/Mathlib/Algebra/Field/Defs.html#Field,IntCast,,,,4,Field > CommRing > Ring > AddGroupWithOne > IntCast
Field,field,Q1172412,https://leanprover-community.github.io/mathlib4_docs/Mathlib/Algebra/Field/Defs.html#Field,MonoidWithZero,,,https://leanprover-community.github.io/mathlib4_docs/Algebra/GroupWithZero/Defs.html#MonoidWithZero,4,Field > CommRing > Ring > Semiring > MonoidWithZero
Field,field,Q1172412,https://leanprover-community.github.io/mathlib4_docs/Mathlib/Algebra/Field/Defs.html#Field,MulOneClass,,,https://leanprover-community.github.io/mathlib4_docs/Algebra/Group/Defs.html#MulOneClass,4,Field > CommRing > CommMonoid > Monoid > MulOneClass
Field,field,Q1172412,https://leanprover-community.github.io/mathlib4_docs/Mathlib/Algebra/Field/Defs.html#Field,NonAssocSemiring,,,https://leanprover-community.github.io/mathlib4_docs/Algebra/Ring/Defs.html#NonAssocSemiring,4,Field > CommRing > Ring > Semiring > NonAssocSemiring
Field,field,Q1172412,https://leanprover-community.github.io/mathlib4_docs/Mathlib/Algebra/Field/Defs.html#Field,NonUnitalSemiring,,,https://leanprover-community.github.io/mathlib4_docs/Algebra/Ring/Defs.html#NonUnitalSemiring,4,Field > CommRing > Ring > Semiring > NonUnitalSemiring
Field,field,Q1172412,https://leanprover-community.github.io/mathlib4_docs/Mathlib/Algebra/Field/Defs.html#Field,Semigroup,semigroup,Q207348,https://leanprover-community.github.io/mathlib4_docs/Mathlib/Algebra/Group/Defs.html#Semigroup,4,Field > CommRing > CommMonoid > Monoid > Semigroup
Field,field,Q1172412,https://leanprover-community.github.io/mathlib4_docs/Mathlib/Algebra/Field/Defs.html#Field,AddCommMonoidWithOne,,,https://leanprover-community.github.io/mathlib4_docs/Data/Nat/Cast/Defs.html#AddCommMonoidWithOne,5,Field > CommRing > Ring > Semiring > NonAssocSemiring > AddCommMonoidWithOne
Field,field,Q1172412,https://leanprover-community.github.io/mathlib4_docs/Mathlib/Algebra/Field/Defs.html#Field,AddCommSemigroup,,,https://leanprover-community.github.io/mathlib4_docs/Algebra/Group/Defs.html#AddCommSemigroup,5,Field > CommRing > Ring > AddCommGroup > AddCommMonoid > AddCommSemigroup
Field,field,Q1172412,https://leanprover-community.github.io/mathlib4_docs/Mathlib/Algebra/Field/Defs.html#Field,AddMonoid,,,https://leanprover-community.github.io/mathlib4_docs/Algebra/Group/Defs.html#AddMonoid,5,Field > CommRing > Ring > AddCommGroup > AddCommMonoid > AddMonoid
Field,field,Q1172412,https://leanprover-community.github.io/mathlib4_docs/Mathlib/Algebra/Field/Defs.html#Field,Mul,,,,5,Field > CommRing > CommMonoid > Monoid > Semigroup > Mul
Field,field,Q1172412,https://leanprover-community.github.io/mathlib4_docs/Mathlib/Algebra/Field/Defs.html#Field,MulOne,,,https://leanprover-community.github.io/mathlib4_docs/Algebra/Group/Defs.html#MulOne,5,Field > CommRing > CommMonoid > Monoid > MulOneClass > MulOne
Field,field,Q1172412,https://leanprover-community.github.io/mathlib4_docs/Mathlib/Algebra/Field/Defs.html#Field,MulZeroOneClass,,,https://leanprover-community.github.io/mathlib4_docs/Algebra/GroupWithZero/Defs.html#MulZeroOneClass,5,Field > CommRing > Ring > Semiring > NonAssocSemiring > MulZeroOneClass
Field,field,Q1172412,https://leanprover-community.github.io/mathlib4_docs/Mathlib/Algebra/Field/Defs.html#Field,NatCast,,,,5,Field > CommRing > Ring > AddGroupWithOne > AddMonoidWithOne > NatCast
Field,field,Q1172412,https://leanprover-community.github.io/mathlib4_docs/Mathlib/Algebra/Field/Defs.html#Field,NonUnitalNonAssocSemiring,,,https://leanprover-community.github.io/mathlib4_docs/Algebra/Ring/Defs.html#NonUnitalNonAssocSemiring,5,Field > CommRing > Ring > Semiring > NonUnitalSemiring > NonUnitalNonAssocSemiring
Field,field,Q1172412,https://leanprover-community.github.io/mathlib4_docs/Mathlib/Algebra/Field/Defs.html#Field,One,,,,5,Field > CommRing > Ring > AddGroupWithOne > AddMonoidWithOne > One
Field,field,Q1172412,https://leanprover-community.github.io/mathlib4_docs/Mathlib/Algebra/Field/Defs.html#Field,SemigroupWithZero,,,https://leanprover-community.github.io/mathlib4_docs/Algebra/GroupWithZero/Defs.html#SemigroupWithZero,5,Field > CommRing > Ring > Semiring > NonUnitalSemiring > SemigroupWithZero
Field,field,Q1172412,https://leanprover-community.github.io/mathlib4_docs/Mathlib/Algebra/Field/Defs.html#Field,SubNegMonoid,,,https://leanprover-community.github.io/mathlib4_docs/Algebra/Group/Defs.html#SubNegMonoid,5,Field > CommRing > Ring > AddCommGroup > AddGroup > SubNegMonoid
Field,field,Q1172412,https://leanprover-community.github.io/mathlib4_docs/Mathlib/Algebra/Field/Defs.html#Field,AddCommMagma,,,https://leanprover-community.github.io/mathlib4_docs/Algebra/Group/Defs.html#AddCommMagma,6,Field > CommRing > Ring > AddCommGroup > AddCommMonoid > AddCommSemigroup > AddCommMagma
Field,field,Q1172412,https://leanprover-community.github.io/mathlib4_docs/Mathlib/Algebra/Field/Defs.html#Field,AddSemigroup,,,https://leanprover-community.github.io/mathlib4_docs/Algebra/Group/Defs.html#AddSemigroup,6,Field > CommRing > Ring > AddCommGroup > AddCommMonoid > AddMonoid > AddSemigroup
Field,field,Q1172412,https://leanprover-community.github.io/mathlib4_docs/Mathlib/Algebra/Field/Defs.html#Field,AddZeroClass,,,https://leanprover-community.github.io/mathlib4_docs/Algebra/Group/Defs.html#AddZeroClass,6,Field > CommRing > Ring > AddCommGroup > AddCommMonoid > AddMonoid > AddZeroClass
Field,field,Q1172412,https://leanprover-community.github.io/mathlib4_docs/Mathlib/Algebra/Field/Defs.html#Field,Distrib,,,https://leanprover-community.github.io/mathlib4_docs/Algebra/Ring/Defs.html#Distrib,6,Field > CommRing > Ring > Semiring > NonUnitalSemiring > NonUnitalNonAssocSemiring > Distrib
Field,field,Q1172412,https://leanprover-community.github.io/mathlib4_docs/Mathlib/Algebra/Field/Defs.html#Field,MulZeroClass,,,https://leanprover-community.github.io/mathlib4_docs/Algebra/GroupWithZero/Defs.html#MulZeroClass,6,Field > CommRing > Ring > Semiring > NonUnitalSemiring > NonUnitalNonAssocSemiring > MulZeroClass
Field,field,Q1172412,https://leanprover-community.github.io/mathlib4_docs/Mathlib/Algebra/Field/Defs.html#Field,Neg,,,,6,Field > CommRing > Ring > AddCommGroup > AddGroup > SubNegMonoid > Neg
Field,field,Q1172412,https://leanprover-community.github.io/mathlib4_docs/Mathlib/Algebra/Field/Defs.html#Field,Sub,,,,6,Field > CommRing > Ring > AddCommGroup > AddGroup > SubNegMonoid > Sub
Field,field,Q1172412,https://leanprover-community.github.io/mathlib4_docs/Mathlib/Algebra/Field/Defs.html#Field,Add,,,,7,Field > CommRing > Ring > Semiring > NonUnitalSemiring > NonUnitalNonAssocSemiring > Distrib > Add
Field,field,Q1172412,https://leanprover-community.github.io/mathlib4_docs/Mathlib/Algebra/Field/Defs.html#Field,AddZero,,,https://leanprover-community.github.io/mathlib4_docs/Algebra/Group/Defs.html#AddZero,7,Field > CommRing > Ring > AddCommGroup > AddCommMonoid > AddMonoid > AddZeroClass > AddZero
Field,field,Q1172412,https://leanprover-community.github.io/mathlib4_docs/Mathlib/Algebra/Field/Defs.html#Field,Zero,,,,7,Field > CommRing > Ring > Semiring > NonUnitalSemiring > NonUnitalNonAssocSemiring > MulZeroClass > Zero
Group,group,Q83478,https://leanprover-community.github.io/mathlib4_docs/Mathlib/Algebra/Group/Defs.html#Group,DivInvMonoid,,,https://leanprover-community.github.io/mathlib4_docs/Algebra/Group/Defs.html#DivInvMonoid,1,Group > DivInvMonoid
Group,group,Q83478,https://leanprover-community.github.io/mathlib4_docs/Mathlib/Algebra/Group/Defs.html#Group,Div,,,,2,Group > DivInvMonoid > Div
Group,group,Q83478,https://leanprover-community.github.io/mathlib4_docs/Mathlib/Algebra/Group/Defs.html#Group,Inv,,,,2,Group > DivInvMonoid > Inv
Group,group,Q83478,https://leanprover-community.github.io/mathlib4_docs/Mathlib/Algebra/Group/Defs.html#Group,Monoid,monoid,Q208237,https://leanprover-community.github.io/mathlib4_docs/Mathlib/Algebra/Group/Defs.html#Monoid,2,Group > DivInvMonoid > Monoid
Group,group,Q83478,https://leanprover-community.github.io/mathlib4_docs/Mathlib/Algebra/Group/Defs.html#Group,MulOneClass,,,https://leanprover-community.github.io/mathlib4_docs/Algebra/Group/Defs.html#MulOneClass,3,Group > DivInvMonoid > Monoid > MulOneClass
Group,group,Q83478,https://leanprover-community.github.io/mathlib4_docs/Mathlib/Algebra/Group/Defs.html#Group,Semigroup,semigroup,Q207348,https://leanprover-community.github.io/mathlib4_docs/Mathlib/Algebra/Group/Defs.html#Semigroup,3,Group > DivInvMonoid > Monoid > Semigroup
Group,group,Q83478,https://leanprover-community.github.io/mathlib4_docs/Mathlib/Algebra/Group/Defs.html#Group,Mul,,,,4,Group > DivInvMonoid > Monoid > Semigroup > Mul
Group,group,Q83478,https://leanprover-community.github.io/mathlib4_docs/Mathlib/Algebra/Group/Defs.html#Group,MulOne,,,https://leanprover-community.github.io/mathlib4_docs/Algebra/Group/Defs.html#MulOne,4,Group > DivInvMonoid > Monoid > MulOneClass > MulOne
Group,group,Q83478,https://leanprover-community.github.io/mathlib4_docs/Mathlib/Algebra/Group/Defs.html#Group,One,,,,5,Group > DivInvMonoid > Monoid > MulOneClass > MulOne > One
Irreducible,irreducible polynomial,Q1476663,https://leanprover-community.github.io/mathlib4_docs/Mathlib/Algebra/Group/Irreducible/Defs.html#Irreducible,Irreducible,irreducible element,Q2989575,https://leanprover-community.github.io/mathlib4_docs/Mathlib/Algebra/Group/Irreducible/Defs.html#Irreducible,1,Irreducible (irreducible polynomial) > Irreducible (irreducible element)
IsLocalRing,local ring,Q1142704,https://leanprover-community.github.io/mathlib4_docs/Mathlib/RingTheory/LocalRing/Defs.html#IsLocalRing,Nontrivial,,,https://leanprover-community.github.io/mathlib4_docs/Logic/Nontrivial/Defs.html#Nontrivial,1,IsLocalRing > Nontrivial
IsTopologicalGroup,topological group,Q1046291,https://leanprover-community.github.io/mathlib4_docs/Mathlib/Topology/Algebra/Group/Defs.html#IsTopologicalGroup,ContinuousInv,,,https://leanprover-community.github.io/mathlib4_docs/Topology/Algebra/Group/Defs.html#ContinuousInv,1,IsTopologicalGroup > ContinuousInv
IsTopologicalGroup,topological group,Q1046291,https://leanprover-community.github.io/mathlib4_docs/Mathlib/Topology/Algebra/Group/Defs.html#IsTopologicalGroup,ContinuousMul,,,https://leanprover-community.github.io/mathlib4_docs/Topology/Algebra/Monoid/Defs.html#ContinuousMul,1,IsTopologicalGroup > ContinuousMul
IsTopologicalRing,topological ring,Q922339,https://leanprover-community.github.io/mathlib4_docs/Mathlib/Topology/Algebra/Ring/Basic.html#IsTopologicalRing,ContinuousNeg,,,https://leanprover-community.github.io/mathlib4_docs/Topology/Algebra/Group/Defs.html#ContinuousNeg,1,IsTopologicalRing > ContinuousNeg
IsTopologicalRing,topological ring,Q922339,https://leanprover-community.github.io/mathlib4_docs/Mathlib/Topology/Algebra/Ring/Basic.html#IsTopologicalRing,IsTopologicalSemiring,,,https://leanprover-community.github.io/mathlib4_docs/Topology/Algebra/Ring/Basic.html#IsTopologicalSemiring,1,IsTopologicalRing > IsTopologicalSemiring
IsTopologicalRing,topological ring,Q922339,https://leanprover-community.github.io/mathlib4_docs/Mathlib/Topology/Algebra/Ring/Basic.html#IsTopologicalRing,ContinuousAdd,,,https://leanprover-community.github.io/mathlib4_docs/Topology/Algebra/Monoid/Defs.html#ContinuousAdd,2,IsTopologicalRing > IsTopologicalSemiring > ContinuousAdd
IsTopologicalRing,topological ring,Q922339,https://leanprover-community.github.io/mathlib4_docs/Mathlib/Topology/Algebra/Ring/Basic.html#IsTopologicalRing,ContinuousMul,,,https://leanprover-community.github.io/mathlib4_docs/Topology/Algebra/Monoid/Defs.html#ContinuousMul,2,IsTopologicalRing > IsTopologicalSemiring > ContinuousMul
LieGroup,Lie group,Q622679,https://leanprover-community.github.io/mathlib4_docs/Mathlib/Geometry/Manifold/Algebra/LieGroup.html#LieGroup,ContMDiffMul,,,https://leanprover-community.github.io/mathlib4_docs/Geometry/Manifold/Algebra/Monoid.html#ContMDiffMul,1,LieGroup > ContMDiffMul
LieGroup,Lie group,Q622679,https://leanprover-community.github.io/mathlib4_docs/Mathlib/Geometry/Manifold/Algebra/LieGroup.html#LieGroup,IsManifold,,,https://leanprover-community.github.io/mathlib4_docs/Geometry/Manifold/IsManifold/Basic.html#IsManifold,2,LieGroup > ContMDiffMul > IsManifold
LieGroup,Lie group,Q622679,https://leanprover-community.github.io/mathlib4_docs/Mathlib/Geometry/Manifold/Algebra/LieGroup.html#LieGroup,HasGroupoid,,,https://leanprover-community.github.io/mathlib4_docs/Geometry/Manifold/ChartedSpace.html#HasGroupoid,3,LieGroup > ContMDiffMul > IsManifold > HasGroupoid
MeasureTheory.Measure,Strictly positive measure,Q4025690,https://leanprover-community.github.io/mathlib4_docs/Mathlib/MeasureTheory/Measure/MeasureSpaceDef.html#MeasureTheory.Measure,OuterMeasure,outer measure,Q258374,https://leanprover-community.github.io/mathlib4_docs/MeasureTheory/OuterMeasure/Defs.html#OuterMeasure,1,MeasureTheory.Measure > OuterMeasure
MetricSpace,metric space,Q180953,https://leanprover-community.github.io/mathlib4_docs/Mathlib/Topology/MetricSpace/Defs.html#MetricSpace,PseudoMetricSpace,,,https://leanprover-community.github.io/mathlib4_docs/Topology/MetricSpace/Pseudo/Defs.html#PseudoMetricSpace,1,MetricSpace > PseudoMetricSpace
MetricSpace,metric space,Q180953,https://leanprover-community.github.io/mathlib4_docs/Mathlib/Topology/MetricSpace/Defs.html#MetricSpace,Dist,,,https://leanprover-community.github.io/mathlib4_docs/Topology/MetricSpace/Pseudo/Defs.html#Dist,2,MetricSpace > PseudoMetricSpace > Dist
Module,vector space,Q125977,https://leanprover-community.github.io/mathlib4_docs/Mathlib/Algebra/Module/Defs.html#Module,DistribMulAction,,,https://leanprover-community.github.io/mathlib4_docs/Algebra/GroupWithZero/Action/Defs.html#DistribMulAction,1,Module > DistribMulAction
Module,Module (algebra),Q18848,https://leanprover-community.github.io/mathlib4_docs/Mathlib/Algebra/Module/Defs.html#Module,DistribMulAction,,,https://leanprover-community.github.io/mathlib4_docs/Algebra/GroupWithZero/Action/Defs.html#DistribMulAction,1,Module > DistribMulAction
Module,vector space,Q125977,https://leanprover-community.github.io/mathlib4_docs/Mathlib/Algebra/Module/Defs.html#Module,Module,Module (algebra),Q18848,https://leanprover-community.github.io/mathlib4_docs/Mathlib/Algebra/Module/Defs.html#Module,1,Module (vector space) > Module (Module (algebra))
Module,vector space,Q125977,https://leanprover-community.github.io/mathlib4_docs/Mathlib/Algebra/Module/Defs.html#Module,MulAction,group action,Q288465,https://leanprover-community.github.io/mathlib4_docs/Mathlib/Algebra/Group/Action/Defs.html#MulAction,2,Module > DistribMulAction > MulAction
Module,Module (algebra),Q18848,https://leanprover-community.github.io/mathlib4_docs/Mathlib/Algebra/Module/Defs.html#Module,MulAction,group action,Q288465,https://leanprover-community.github.io/mathlib4_docs/Mathlib/Algebra/Group/Action/Defs.html#MulAction,2,Module > DistribMulAction > MulAction
Module,vector space,Q125977,https://leanprover-community.github.io/mathlib4_docs/Mathlib/Algebra/Module/Defs.html#Module,SMul,,,,3,Module > DistribMulAction > MulAction > SMul
Module,Module (algebra),Q18848,https://leanprover-community.github.io/mathlib4_docs/Mathlib/Algebra/Module/Defs.html#Module,SMul,,,,3,Module > DistribMulAction > MulAction > SMul
Monoid,monoid,Q208237,https://leanprover-community.github.io/mathlib4_docs/Mathlib/Algebra/Group/Defs.html#Monoid,MulOneClass,,,https://leanprover-community.github.io/mathlib4_docs/Algebra/Group/Defs.html#MulOneClass,1,Monoid > MulOneClass
Monoid,monoid,Q208237,https://leanprover-community.github.io/mathlib4_docs/Mathlib/Algebra/Group/Defs.html#Monoid,Semigroup,semigroup,Q207348,https://leanprover-community.github.io/mathlib4_docs/Mathlib/Algebra/Group/Defs.html#Semigroup,1,Monoid > Semigroup
Monoid,monoid,Q208237,https://leanprover-community.github.io/mathlib4_docs/Mathlib/Algebra/Group/Defs.html#Monoid,Mul,,,,2,Monoid > Semigroup > Mul
Monoid,monoid,Q208237,https://leanprover-community.github.io/mathlib4_docs/Mathlib/Algebra/Group/Defs.html#Monoid,MulOne,,,https://leanprover-community.github.io/mathlib4_docs/Algebra/Group/Defs.html#MulOne,2,Monoid > MulOneClass > MulOne
Monoid,monoid,Q208237,https://leanprover-community.github.io/mathlib4_docs/Mathlib/Algebra/Group/Defs.html#Monoid,One,,,,3,Monoid > MulOneClass > MulOne > One
MonoidHom,group homomorphism,Q868169,https://leanprover-community.github.io/mathlib4_docs/Mathlib/Algebra/Group/Hom/Defs.html#MonoidHom,M,,,,1,MonoidHom > M
MonoidHom,group homomorphism,Q868169,https://leanprover-community.github.io/mathlib4_docs/Mathlib/Algebra/Group/Hom/Defs.html#MonoidHom,OneHom,,,https://leanprover-community.github.io/mathlib4_docs/Algebra/Group/Hom/Defs.html#OneHom,1,MonoidHom > OneHom
MulAction,group action,Q288465,https://leanprover-community.github.io/mathlib4_docs/Mathlib/Algebra/Group/Action/Defs.html#MulAction,SMul,,,,1,MulAction > SMul
OrderedRing,ordered ring,Q3782642,https://leanprover-community.github.io/mathlib4_docs/Mathlib/Algebra/Order/Ring/Defs.html#OrderedRing,OrderedAddCommGroup,,,https://leanprover-community.github.io/mathlib4_docs/Algebra/Order/Group/Defs.html#OrderedAddCommGroup,1,OrderedRing > OrderedAddCommGroup
OrderedRing,ordered ring,Q3782642,https://leanprover-community.github.io/mathlib4_docs/Mathlib/Algebra/Order/Ring/Defs.html#OrderedRing,Ring,ring,Q161172,https://leanprover-community.github.io/mathlib4_docs/Mathlib/Algebra/Ring/Defs.html#Ring,1,OrderedRing > Ring
OrderedRing,ordered ring,Q3782642,https://leanprover-community.github.io/mathlib4_docs/Mathlib/Algebra/Order/Ring/Defs.html#OrderedRing,AddCommGroup,,,https://leanprover-community.github.io/mathlib4_docs/Algebra/Group/Defs.html#AddCommGroup,2,OrderedRing > Ring > AddCommGroup
OrderedRing,ordered ring,Q3782642,https://leanprover-community.github.io/mathlib4_docs/Mathlib/Algebra/Order/Ring/Defs.html#OrderedRing,AddGroupWithOne,,,https://leanprover-community.github.io/mathlib4_docs/Data/Int/Cast/Defs.html#AddGroupWithOne,2,OrderedRing > Ring > AddGroupWithOne
OrderedRing,ordered ring,Q3782642,https://leanprover-community.github.io/mathlib4_docs/Mathlib/Algebra/Order/Ring/Defs.html#OrderedRing,PartialOrder,,,https://leanprover-community.github.io/mathlib4_docs/Order/Defs/PartialOrder.html#PartialOrder,2,OrderedRing > OrderedAddCommGroup > PartialOrder
OrderedRing,ordered ring,Q3782642,https://leanprover-community.github.io/mathlib4_docs/Mathlib/Algebra/Order/Ring/Defs.html#OrderedRing,Semiring,semiring,Q1333055,https://leanprover-community.github.io/mathlib4_docs/Mathlib/Algebra/Ring/Defs.html#Semiring,2,OrderedRing > Ring > Semiring
OrderedRing,ordered ring,Q3782642,https://leanprover-community.github.io/mathlib4_docs/Mathlib/Algebra/Order/Ring/Defs.html#OrderedRing,AddCommMonoid,,,https://leanprover-community.github.io/mathlib4_docs/Algebra/Group/Defs.html#AddCommMonoid,3,OrderedRing > Ring > AddCommGroup > AddCommMonoid
OrderedRing,ordered ring,Q3782642,https://leanprover-community.github.io/mathlib4_docs/Mathlib/Algebra/Order/Ring/Defs.html#OrderedRing,AddGroup,,,https://leanprover-community.github.io/mathlib4_docs/Algebra/Group/Defs.html#AddGroup,3,OrderedRing > Ring > AddCommGroup > AddGroup
OrderedRing,ordered ring,Q3782642,https://leanprover-community.github.io/mathlib4_docs/Mathlib/Algebra/Order/Ring/Defs.html#OrderedRing,AddMonoidWithOne,,,https://leanprover-community.github.io/mathlib4_docs/Data/Nat/Cast/Defs.html#AddMonoidWithOne,3,OrderedRing > Ring > AddGroupWithOne > AddMonoidWithOne
OrderedRing,ordered ring,Q3782642,https://leanprover-community.github.io/mathlib4_docs/Mathlib/Algebra/Order/Ring/Defs.html#OrderedRing,IntCast,,,,3,OrderedRing > Ring > AddGroupWithOne > IntCast
OrderedRing,ordered ring,Q3782642,https://leanprover-community.github.io/mathlib4_docs/Mathlib/Algebra/Order/Ring/Defs.html#OrderedRing,MonoidWithZero,,,https://leanprover-community.github.io/mathlib4_docs/Algebra/GroupWithZero/Defs.html#MonoidWithZero,3,OrderedRing > Ring > Semiring > MonoidWithZero
OrderedRing,ordered ring,Q3782642,https://leanprover-community.github.io/mathlib4_docs/Mathlib/Algebra/Order/Ring/Defs.html#OrderedRing,NonAssocSemiring,,,https://leanprover-community.github.io/mathlib4_docs/Algebra/Ring/Defs.html#NonAssocSemiring,3,OrderedRing > Ring > Semiring > NonAssocSemiring
OrderedRing,ordered ring,Q3782642,https://leanprover-community.github.io/mathlib4_docs/Mathlib/Algebra/Order/Ring/Defs.html#OrderedRing,NonUnitalSemiring,,,https://leanprover-community.github.io/mathlib4_docs/Algebra/Ring/Defs.html#NonUnitalSemiring,3,OrderedRing > Ring > Semiring > NonUnitalSemiring
OrderedRing,ordered ring,Q3782642,https://leanprover-community.github.io/mathlib4_docs/Mathlib/Algebra/Order/Ring/Defs.html#OrderedRing,Preorder,Preorder,Q1425985,https://leanprover-community.github.io/mathlib4_docs/Order/Defs/PartialOrder.html#Preorder,3,OrderedRing > OrderedAddCommGroup > PartialOrder > Preorder
OrderedRing,ordered ring,Q3782642,https://leanprover-community.github.io/mathlib4_docs/Mathlib/Algebra/Order/Ring/Defs.html#OrderedRing,AddCommMonoidWithOne,,,https://leanprover-community.github.io/mathlib4_docs/Data/Nat/Cast/Defs.html#AddCommMonoidWithOne,4,OrderedRing > Ring > Semiring > NonAssocSemiring > AddCommMonoidWithOne
OrderedRing,ordered ring,Q3782642,https://leanprover-community.github.io/mathlib4_docs/Mathlib/Algebra/Order/Ring/Defs.html#OrderedRing,AddCommSemigroup,,,https://leanprover-community.github.io/mathlib4_docs/Algebra/Group/Defs.html#AddCommSemigroup,4,OrderedRing > Ring > AddCommGroup > AddCommMonoid > AddCommSemigroup
OrderedRing,ordered ring,Q3782642,https://leanprover-community.github.io/mathlib4_docs/Mathlib/Algebra/Order/Ring/Defs.html#OrderedRing,AddMonoid,,,https://leanprover-community.github.io/mathlib4_docs/Algebra/Group/Defs.html#AddMonoid,4,OrderedRing > Ring > AddCommGroup > AddCommMonoid > AddMonoid
OrderedRing,ordered ring,Q3782642,https://leanprover-community.github.io/mathlib4_docs/Mathlib/Algebra/Order/Ring/Defs.html#OrderedRing,LE,,,,4,OrderedRing > OrderedAddCommGroup > PartialOrder > Preorder > LE
OrderedRing,ordered ring,Q3782642,https://leanprover-community.github.io/mathlib4_docs/Mathlib/Algebra/Order/Ring/Defs.html#OrderedRing,LT,,,,4,OrderedRing > OrderedAddCommGroup > PartialOrder > Preorder > LT
OrderedRing,ordered ring,Q3782642,https://leanprover-community.github.io/mathlib4_docs/Mathlib/Algebra/Order/Ring/Defs.html#OrderedRing,Monoid,monoid,Q208237,https://leanprover-community.github.io/mathlib4_docs/Mathlib/Algebra/Group/Defs.html#Monoid,4,OrderedRing > Ring > Semiring > MonoidWithZero > Monoid
OrderedRing,ordered ring,Q3782642,https://leanprover-community.github.io/mathlib4_docs/Mathlib/Algebra/Order/Ring/Defs.html#OrderedRing,MulZeroOneClass,,,https://leanprover-community.github.io/mathlib4_docs/Algebra/GroupWithZero/Defs.html#MulZeroOneClass,4,OrderedRing > Ring > Semiring > NonAssocSemiring > MulZeroOneClass
OrderedRing,ordered ring,Q3782642,https://leanprover-community.github.io/mathlib4_docs/Mathlib/Algebra/Order/Ring/Defs.html#OrderedRing,NatCast,,,,4,OrderedRing > Ring > AddGroupWithOne > AddMonoidWithOne > NatCast
OrderedRing,ordered ring,Q3782642,https://leanprover-community.github.io/mathlib4_docs/Mathlib/Algebra/Order/Ring/Defs.html#OrderedRing,NonUnitalNonAssocSemiring,,,https://leanprover-community.github.io/mathlib4_docs/Algebra/Ring/Defs.html#NonUnitalNonAssocSemiring,4,OrderedRing > Ring > Semiring > NonUnitalSemiring > NonUnitalNonAssocSemiring
OrderedRing,ordered ring,Q3782642,https://leanprover-community.github.io/mathlib4_docs/Mathlib/Algebra/Order/Ring/Defs.html#OrderedRing,One,,,,4,OrderedRing > Ring > AddGroupWithOne > AddMonoidWithOne > One
OrderedRing,ordered ring,Q3782642,https://leanprover-community.github.io/mathlib4_docs/Mathlib/Algebra/Order/Ring/Defs.html#OrderedRing,SemigroupWithZero,,,https://leanprover-community.github.io/mathlib4_docs/Algebra/GroupWithZero/Defs.html#SemigroupWithZero,4,OrderedRing > Ring > Semiring > NonUnitalSemiring > SemigroupWithZero
OrderedRing,ordered ring,Q3782642,https://leanprover-community.github.io/mathlib4_docs/Mathlib/Algebra/Order/Ring/Defs.html#OrderedRing,SubNegMonoid,,,https://leanprover-community.github.io/mathlib4_docs/Algebra/Group/Defs.html#SubNegMonoid,4,OrderedRing > Ring > AddCommGroup > AddGroup > SubNegMonoid
OrderedRing,ordered ring,Q3782642,https://leanprover-community.github.io/mathlib4_docs/Mathlib/Algebra/Order/Ring/Defs.html#OrderedRing,AddCommMagma,,,https://leanprover-community.github.io/mathlib4_docs/Algebra/Group/Defs.html#AddCommMagma,5,OrderedRing > Ring > AddCommGroup > AddCommMonoid > AddCommSemigroup > AddCommMagma
OrderedRing,ordered ring,Q3782642,https://leanprover-community.github.io/mathlib4_docs/Mathlib/Algebra/Order/Ring/Defs.html#OrderedRing,AddSemigroup,,,https://leanprover-community.github.io/mathlib4_docs/Algebra/Group/Defs.html#AddSemigroup,5,OrderedRing > Ring > AddCommGroup > AddCommMonoid > AddMonoid > AddSemigroup
OrderedRing,ordered ring,Q3782642,https://leanprover-community.github.io/mathlib4_docs/Mathlib/Algebra/Order/Ring/Defs.html#OrderedRing,AddZeroClass,,,https://leanprover-community.github.io/mathlib4_docs/Algebra/Group/Defs.html#AddZeroClass,5,OrderedRing > Ring > AddCommGroup > AddCommMonoid > AddMonoid > AddZeroClass
OrderedRing,ordered ring,Q3782642,https://leanprover-community.github.io/mathlib4_docs/Mathlib/Algebra/Order/Ring/Defs.html#OrderedRing,Distrib,,,https://leanprover-community.github.io/mathlib4_docs/Algebra/Ring/Defs.html#Distrib,5,OrderedRing > Ring > Semiring > NonUnitalSemiring > NonUnitalNonAssocSemiring > Distrib
OrderedRing,ordered ring,Q3782642,https://leanprover-community.github.io/mathlib4_docs/Mathlib/Algebra/Order/Ring/Defs.html#OrderedRing,MulOneClass,,,https://leanprover-community.github.io/mathlib4_docs/Algebra/Group/Defs.html#MulOneClass,5,OrderedRing > Ring > Semiring > NonAssocSemiring > MulZeroOneClass > MulOneClass
OrderedRing,ordered ring,Q3782642,https://leanprover-community.github.io/mathlib4_docs/Mathlib/Algebra/Order/Ring/Defs.html#OrderedRing,MulZeroClass,,,https://leanprover-community.github.io/mathlib4_docs/Algebra/GroupWithZero/Defs.html#MulZeroClass,5,OrderedRing > Ring > Semiring > NonUnitalSemiring > NonUnitalNonAssocSemiring > MulZeroClass
OrderedRing,ordered ring,Q3782642,https://leanprover-community.github.io/mathlib4_docs/Mathlib/Algebra/Order/Ring/Defs.html#OrderedRing,Neg,,,,5,OrderedRing > Ring > AddCommGroup > AddGroup > SubNegMonoid > Neg
OrderedRing,ordered ring,Q3782642,https://leanprover-community.github.io/mathlib4_docs/Mathlib/Algebra/Order/Ring/Defs.html#OrderedRing,Semigroup,semigroup,Q207348,https://leanprover-community.github.io/mathlib4_docs/Mathlib/Algebra/Group/Defs.html#Semigroup,5,OrderedRing > Ring > Semiring > NonUnitalSemiring > SemigroupWithZero > Semigroup
OrderedRing,ordered ring,Q3782642,https://leanprover-community.github.io/mathlib4_docs/Mathlib/Algebra/Order/Ring/Defs.html#OrderedRing,Sub,,,,5,OrderedRing > Ring > AddCommGroup > AddGroup > SubNegMonoid > Sub
OrderedRing,ordered ring,Q3782642,https://leanprover-community.github.io/mathlib4_docs/Mathlib/Algebra/Order/Ring/Defs.html#OrderedRing,Add,,,,6,OrderedRing > Ring > Semiring > NonUnitalSemiring > NonUnitalNonAssocSemiring > Distrib > Add
OrderedRing,ordered ring,Q3782642,https://leanprover-community.github.io/mathlib4_docs/Mathlib/Algebra/Order/Ring/Defs.html#OrderedRing,AddZero,,,https://leanprover-community.github.io/mathlib4_docs/Algebra/Group/Defs.html#AddZero,6,OrderedRing > Ring > AddCommGroup > AddCommMonoid > AddMonoid > AddZeroClass > AddZero
OrderedRing,ordered ring,Q3782642,https://leanprover-community.github.io/mathlib4_docs/Mathlib/Algebra/Order/Ring/Defs.html#OrderedRing,Mul,,,,6,OrderedRing > Ring > Semiring > NonUnitalSemiring > NonUnitalNonAssocSemiring > Distrib > Mul
OrderedRing,ordered ring,Q3782642,https://leanprover-community.github.io/mathlib4_docs/Mathlib/Algebra/Order/Ring/Defs.html#OrderedRing,MulOne,,,https://leanprover-community.github.io/mathlib4_docs/Algebra/Group/Defs.html#MulOne,6,OrderedRing > Ring > Semiring > NonAssocSemiring > MulZeroOneClass > MulOneClass > MulOne
OrderedRing,ordered ring,Q3782642,https://leanprover-community.github.io/mathlib4_docs/Mathlib/Algebra/Order/Ring/Defs.html#OrderedRing,Zero,,,,6,OrderedRing > Ring > Semiring > NonUnitalSemiring > NonUnitalNonAssocSemiring > MulZeroClass > Zero
Ring,ring,Q161172,https://leanprover-community.github.io/mathlib4_docs/Mathlib/Algebra/Ring/Defs.html#Ring,AddCommGroup,,,https://leanprover-community.github.io/mathlib4_docs/Algebra/Group/Defs.html#AddCommGroup,1,Ring > AddCommGroup
Ring,ring,Q161172,https://leanprover-community.github.io/mathlib4_docs/Mathlib/Algebra/Ring/Defs.html#Ring,AddGroupWithOne,,,https://leanprover-community.github.io/mathlib4_docs/Data/Int/Cast/Defs.html#AddGroupWithOne,1,Ring > AddGroupWithOne
Ring,ring,Q161172,https://leanprover-community.github.io/mathlib4_docs/Mathlib/Algebra/Ring/Defs.html#Ring,Semiring,semiring,Q1333055,https://leanprover-community.github.io/mathlib4_docs/Mathlib/Algebra/Ring/Defs.html#Semiring,1,Ring > Semiring
Ring,ring,Q161172,https://leanprover-community.github.io/mathlib4_docs/Mathlib/Algebra/Ring/Defs.html#Ring,AddCommMonoid,,,https://leanprover-community.github.io/mathlib4_docs/Algebra/Group/Defs.html#AddCommMonoid,2,Ring > AddCommGroup > AddCommMonoid
Ring,ring,Q161172,https://leanprover-community.github.io/mathlib4_docs/Mathlib/Algebra/Ring/Defs.html#Ring,AddGroup,,,https://leanprover-community.github.io/mathlib4_docs/Algebra/Group/Defs.html#AddGroup,2,Ring > AddCommGroup > AddGroup
Ring,ring,Q161172,https://leanprover-community.github.io/mathlib4_docs/Mathlib/Algebra/Ring/Defs.html#Ring,AddMonoidWithOne,,,https://leanprover-community.github.io/mathlib4_docs/Data/Nat/Cast/Defs.html#AddMonoidWithOne,2,Ring > AddGroupWithOne > AddMonoidWithOne
Ring,ring,Q161172,https://leanprover-community.github.io/mathlib4_docs/Mathlib/Algebra/Ring/Defs.html#Ring,IntCast,,,,2,Ring > AddGroupWithOne > IntCast
Ring,ring,Q161172,https://leanprover-community.github.io/mathlib4_docs/Mathlib/Algebra/Ring/Defs.html#Ring,MonoidWithZero,,,https://leanprover-community.github.io/mathlib4_docs/Algebra/GroupWithZero/Defs.html#MonoidWithZero,2,Ring > Semiring > MonoidWithZero
Ring,ring,Q161172,https://leanprover-community.github.io/mathlib4_docs/Mathlib/Algebra/Ring/Defs.html#Ring,NonAssocSemiring,,,https://leanprover-community.github.io/mathlib4_docs/Algebra/Ring/Defs.html#NonAssocSemiring,2,Ring > Semiring > NonAssocSemiring
Ring,ring,Q161172,https://leanprover-community.github.io/mathlib4_docs/Mathlib/Algebra/Ring/Defs.html#Ring,NonUnitalSemiring,,,https://leanprover-community.github.io/mathlib4_docs/Algebra/Ring/Defs.html#NonUnitalSemiring,2,Ring > Semiring > NonUnitalSemiring
Ring,ring,Q161172,https://leanprover-community.github.io/mathlib4_docs/Mathlib/Algebra/Ring/Defs.html#Ring,AddCommMonoidWithOne,,,https://leanprover-community.github.io/mathlib4_docs/Data/Nat/Cast/Defs.html#AddCommMonoidWithOne,3,Ring > Semiring > NonAssocSemiring > AddCommMonoidWithOne
Ring,ring,Q161172,https://leanprover-community.github.io/mathlib4_docs/Mathlib/Algebra/Ring/Defs.html#Ring,AddCommSemigroup,,,https://leanprover-community.github.io/mathlib4_docs/Algebra/Group/Defs.html#AddCommSemigroup,3,Ring > AddCommGroup > AddCommMonoid > AddCommSemigroup
Ring,ring,Q161172,https://leanprover-community.github.io/mathlib4_docs/Mathlib/Algebra/Ring/Defs.html#Ring,AddMonoid,,,https://leanprover-community.github.io/mathlib4_docs/Algebra/Group/Defs.html#AddMonoid,3,Ring > AddCommGroup > AddCommMonoid > AddMonoid
Ring,ring,Q161172,https://leanprover-community.github.io/mathlib4_docs/Mathlib/Algebra/Ring/Defs.html#Ring,Monoid,monoid,Q208237,https://leanprover-community.github.io/mathlib4_docs/Mathlib/Algebra/Group/Defs.html#Monoid,3,Ring > Semiring > MonoidWithZero > Monoid
Ring,ring,Q161172,https://leanprover-community.github.io/mathlib4_docs/Mathlib/Algebra/Ring/Defs.html#Ring,MulZeroOneClass,,,https://leanprover-community.github.io/mathlib4_docs/Algebra/GroupWithZero/Defs.html#MulZeroOneClass,3,Ring > Semiring > NonAssocSemiring > MulZeroOneClass
Ring,ring,Q161172,https://leanprover-community.github.io/mathlib4_docs/Mathlib/Algebra/Ring/Defs.html#Ring,NatCast,,,,3,Ring > AddGroupWithOne > AddMonoidWithOne > NatCast
Ring,ring,Q161172,https://leanprover-community.github.io/mathlib4_docs/Mathlib/Algebra/Ring/Defs.html#Ring,NonUnitalNonAssocSemiring,,,https://leanprover-community.github.io/mathlib4_docs/Algebra/Ring/Defs.html#NonUnitalNonAssocSemiring,3,Ring > Semiring > NonUnitalSemiring > NonUnitalNonAssocSemiring
Ring,ring,Q161172,https://leanprover-community.github.io/mathlib4_docs/Mathlib/Algebra/Ring/Defs.html#Ring,One,,,,3,Ring > AddGroupWithOne > AddMonoidWithOne > One
Ring,ring,Q161172,https://leanprover-community.github.io/mathlib4_docs/Mathlib/Algebra/Ring/Defs.html#Ring,SemigroupWithZero,,,https://leanprover-community.github.io/mathlib4_docs/Algebra/GroupWithZero/Defs.html#SemigroupWithZero,3,Ring > Semiring > NonUnitalSemiring > SemigroupWithZero
Ring,ring,Q161172,https://leanprover-community.github.io/mathlib4_docs/Mathlib/Algebra/Ring/Defs.html#Ring,SubNegMonoid,,,https://leanprover-community.github.io/mathlib4_docs/Algebra/Group/Defs.html#SubNegMonoid,3,Ring > AddCommGroup > AddGroup > SubNegMonoid
Ring,ring,Q161172,https://leanprover-community.github.io/mathlib4_docs/Mathlib/Algebra/Ring/Defs.html#Ring,AddCommMagma,,,https://leanprover-community.github.io/mathlib4_docs/Algebra/Group/Defs.html#AddCommMagma,4,Ring > AddCommGroup > AddCommMonoid > AddCommSemigroup > AddCommMagma
Ring,ring,Q161172,https://leanprover-community.github.io/mathlib4_docs/Mathlib/Algebra/Ring/Defs.html#Ring,AddSemigroup,,,https://leanprover-community.github.io/mathlib4_docs/Algebra/Group/Defs.html#AddSemigroup,4,Ring > AddCommGroup > AddCommMonoid > AddMonoid > AddSemigroup
Ring,ring,Q161172,https://leanprover-community.github.io/mathlib4_docs/Mathlib/Algebra/Ring/Defs.html#Ring,AddZeroClass,,,https://leanprover-community.github.io/mathlib4_docs/Algebra/Group/Defs.html#AddZeroClass,4,Ring > AddCommGroup > AddCommMonoid > AddMonoid > AddZeroClass
Ring,ring,Q161172,https://leanprover-community.github.io/mathlib4_docs/Mathlib/Algebra/Ring/Defs.html#Ring,Distrib,,,https://leanprover-community.github.io/mathlib4_docs/Algebra/Ring/Defs.html#Distrib,4,Ring > Semiring > NonUnitalSemiring > NonUnitalNonAssocSemiring > Distrib
Ring,ring,Q161172,https://leanprover-community.github.io/mathlib4_docs/Mathlib/Algebra/Ring/Defs.html#Ring,MulOneClass,,,https://leanprover-community.github.io/mathlib4_docs/Algebra/Group/Defs.html#MulOneClass,4,Ring > Semiring > NonAssocSemiring > MulZeroOneClass > MulOneClass
Ring,ring,Q161172,https://leanprover-community.github.io/mathlib4_docs/Mathlib/Algebra/Ring/Defs.html#Ring,MulZeroClass,,,https://leanprover-community.github.io/mathlib4_docs/Algebra/GroupWithZero/Defs.html#MulZeroClass,4,Ring > Semiring > NonUnitalSemiring > NonUnitalNonAssocSemiring > MulZeroClass
Ring,ring,Q161172,https://leanprover-community.github.io/mathlib4_docs/Mathlib/Algebra/Ring/Defs.html#Ring,Neg,,,,4,Ring > AddCommGroup > AddGroup > SubNegMonoid > Neg
Ring,ring,Q161172,https://leanprover-community.github.io/mathlib4_docs/Mathlib/Algebra/Ring/Defs.html#Ring,Semigroup,semigroup,Q207348,https://leanprover-community.github.io/mathlib4_docs/Mathlib/Algebra/Group/Defs.html#Semigroup,4,Ring > Semiring > NonUnitalSemiring > SemigroupWithZero > Semigroup
Ring,ring,Q161172,https://leanprover-community.github.io/mathlib4_docs/Mathlib/Algebra/Ring/Defs.html#Ring,Sub,,,,4,Ring > AddCommGroup > AddGroup > SubNegMonoid > Sub
Ring,ring,Q161172,https://leanprover-community.github.io/mathlib4_docs/Mathlib/Algebra/Ring/Defs.html#Ring,Add,,,,5,Ring > Semiring > NonUnitalSemiring > NonUnitalNonAssocSemiring > Distrib > Add
Ring,ring,Q161172,https://leanprover-community.github.io/mathlib4_docs/Mathlib/Algebra/Ring/Defs.html#Ring,AddZero,,,https://leanprover-community.github.io/mathlib4_docs/Algebra/Group/Defs.html#AddZero,5,Ring > AddCommGroup > AddCommMonoid > AddMonoid > AddZeroClass > AddZero
Ring,ring,Q161172,https://leanprover-community.github.io/mathlib4_docs/Mathlib/Algebra/Ring/Defs.html#Ring,Mul,,,,5,Ring > Semiring > NonUnitalSemiring > NonUnitalNonAssocSemiring > Distrib > Mul
Ring,ring,Q161172,https://leanprover-community.github.io/mathlib4_docs/Mathlib/Algebra/Ring/Defs.html#Ring,MulOne,,,https://leanprover-community.github.io/mathlib4_docs/Algebra/Group/Defs.html#MulOne,5,Ring > Semiring > NonAssocSemiring > MulZeroOneClass > MulOneClass > MulOne
Ring,ring,Q161172,https://leanprover-community.github.io/mathlib4_docs/Mathlib/Algebra/Ring/Defs.html#Ring,Zero,,,,5,Ring > Semiring > NonUnitalSemiring > NonUnitalNonAssocSemiring > MulZeroClass > Zero
Semigroup,semigroup,Q207348,https://leanprover-community.github.io/mathlib4_docs/Mathlib/Algebra/Group/Defs.html#Semigroup,Mul,,,,1,Semigroup > Mul
Semiring,semiring,Q1333055,https://leanprover-community.github.io/mathlib4_docs/Mathlib/Algebra/Ring/Defs.html#Semiring,MonoidWithZero,,,https://leanprover-community.github.io/mathlib4_docs/Algebra/GroupWithZero/Defs.html#MonoidWithZero,1,Semiring > MonoidWithZero
Semiring,semiring,Q1333055,https://leanprover-community.github.io/mathlib4_docs/Mathlib/Algebra/Ring/Defs.html#Semiring,NonAssocSemiring,,,https://leanprover-community.github.io/mathlib4_docs/Algebra/Ring/Defs.html#NonAssocSemiring,1,Semiring > NonAssocSemiring
Semiring,semiring,Q1333055,https://leanprover-community.github.io/mathlib4_docs/Mathlib/Algebra/Ring/Defs.html#Semiring,NonUnitalSemiring,,,https://leanprover-community.github.io/mathlib4_docs/Algebra/Ring/Defs.html#NonUnitalSemiring,1,Semiring > NonUnitalSemiring
Semiring,semiring,Q1333055,https://leanprover-community.github.io/mathlib4_docs/Mathlib/Algebra/Ring/Defs.html#Semiring,AddCommMonoidWithOne,,,https://leanprover-community.github.io/mathlib4_docs/Data/Nat/Cast/Defs.html#AddCommMonoidWithOne,2,Semiring > NonAssocSemiring > AddCommMonoidWithOne
Semiring,semiring,Q1333055,https://leanprover-community.github.io/mathlib4_docs/Mathlib/Algebra/Ring/Defs.html#Semiring,Monoid,monoid,Q208237,https://leanprover-community.github.io/mathlib4_docs/Mathlib/Algebra/Group/Defs.html#Monoid,2,Semiring > MonoidWithZero > Monoid
Semiring,semiring,Q1333055,https://leanprover-community.github.io/mathlib4_docs/Mathlib/Algebra/Ring/Defs.html#Semiring,MulZeroOneClass,,,https://leanprover-community.github.io/mathlib4_docs/Algebra/GroupWithZero/Defs.html#MulZeroOneClass,2,Semiring > NonAssocSemiring > MulZeroOneClass
Semiring,semiring,Q1333055,https://leanprover-community.github.io/mathlib4_docs/Mathlib/Algebra/Ring/Defs.html#Semiring,NonUnitalNonAssocSemiring,,,https://leanprover-community.github.io/mathlib4_docs/Algebra/Ring/Defs.html#NonUnitalNonAssocSemiring,2,Semiring > NonUnitalSemiring > NonUnitalNonAssocSemiring
Semiring,semiring,Q1333055,https://leanprover-community.github.io/mathlib4_docs/Mathlib/Algebra/Ring/Defs.html#Semiring,SemigroupWithZero,,,https://leanprover-community.github.io/mathlib4_docs/Algebra/GroupWithZero/Defs.html#SemigroupWithZero,2,Semiring > NonUnitalSemiring > SemigroupWithZero
Semiring,semiring,Q1333055,https://leanprover-community.github.io/mathlib4_docs/Mathlib/Algebra/Ring/Defs.html#Semiring,AddCommMonoid,,,https://leanprover-community.github.io/mathlib4_docs/Algebra/Group/Defs.html#AddCommMonoid,3,Semiring > NonUnitalSemiring > NonUnitalNonAssocSemiring > AddCommMonoid
Semiring,semiring,Q1333055,https://leanprover-community.github.io/mathlib4_docs/Mathlib/Algebra/Ring/Defs.html#Semiring,AddMonoidWithOne,,,https://leanprover-community.github.io/mathlib4_docs/Data/Nat/Cast/Defs.html#AddMonoidWithOne,3,Semiring > NonAssocSemiring > AddCommMonoidWithOne > AddMonoidWithOne
Semiring,semiring,Q1333055,https://leanprover-community.github.io/mathlib4_docs/Mathlib/Algebra/Ring/Defs.html#Semiring,Distrib,,,https://leanprover-community.github.io/mathlib4_docs/Algebra/Ring/Defs.html#Distrib,3,Semiring > NonUnitalSemiring > NonUnitalNonAssocSemiring > Distrib
Semiring,semiring,Q1333055,https://leanprover-community.github.io/mathlib4_docs/Mathlib/Algebra/Ring/Defs.html#Semiring,MulOneClass,,,https://leanprover-community.github.io/mathlib4_docs/Algebra/Group/Defs.html#MulOneClass,3,Semiring > NonAssocSemiring > MulZeroOneClass > MulOneClass
Semiring,semiring,Q1333055,https://leanprover-community.github.io/mathlib4_docs/Mathlib/Algebra/Ring/Defs.html#Semiring,MulZeroClass,,,https://leanprover-community.github.io/mathlib4_docs/Algebra/GroupWithZero/Defs.html#MulZeroClass,3,Semiring > NonUnitalSemiring > NonUnitalNonAssocSemiring > MulZeroClass
Semiring,semiring,Q1333055,https://leanprover-community.github.io/mathlib4_docs/Mathlib/Algebra/Ring/Defs.html#Semiring,Semigroup,semigroup,Q207348,https://leanprover-community.github.io/mathlib4_docs/Mathlib/Algebra/Group/Defs.html#Semigroup,3,Semiring > NonUnitalSemiring > SemigroupWithZero > Semigroup
Semiring,semiring,Q1333055,https://leanprover-community.github.io/mathlib4_docs/Mathlib/Algebra/Ring/Defs.html#Semiring,Add,,,,4,Semiring > NonUnitalSemiring > NonUnitalNonAssocSemiring > Distrib > Add
Semiring,semiring,Q1333055,https://leanprover-community.github.io/mathlib4_docs/Mathlib/Algebra/Ring/Defs.html#Semiring,AddCommSemigroup,,,https://leanprover-community.github.io/mathlib4_docs/Algebra/Group/Defs.html#AddCommSemigroup,4,Semiring > NonUnitalSemiring > NonUnitalNonAssocSemiring > AddCommMonoid > AddCommSemigroup
Semiring,semiring,Q1333055,https://leanprover-community.github.io/mathlib4_docs/Mathlib/Algebra/Ring/Defs.html#Semiring,AddMonoid,,,https://leanprover-community.github.io/mathlib4_docs/Algebra/Group/Defs.html#AddMonoid,4,Semiring > NonUnitalSemiring > NonUnitalNonAssocSemiring > AddCommMonoid > AddMonoid
Semiring,semiring,Q1333055,https://leanprover-community.github.io/mathlib4_docs/Mathlib/Algebra/Ring/Defs.html#Semiring,Mul,,,,4,Semiring > NonUnitalSemiring > NonUnitalNonAssocSemiring > Distrib > Mul
Semiring,semiring,Q1333055,https://leanprover-community.github.io/mathlib4_docs/Mathlib/Algebra/Ring/Defs.html#Semiring,MulOne,,,https://leanprover-community.github.io/mathlib4_docs/Algebra/Group/Defs.html#MulOne,4,Semiring > NonAssocSemiring > MulZeroOneClass > MulOneClass > MulOne
Semiring,semiring,Q1333055,https://leanprover-community.github.io/mathlib4_docs/Mathlib/Algebra/Ring/Defs.html#Semiring,NatCast,,,,4,Semiring > NonAssocSemiring > AddCommMonoidWithOne > AddMonoidWithOne > NatCast
Semiring,semiring,Q1333055,https://leanprover-community.github.io/mathlib4_docs/Mathlib/Algebra/Ring/Defs.html#Semiring,One,,,,4,Semiring > NonAssocSemiring > AddCommMonoidWithOne > AddMonoidWithOne > One
Semiring,semiring,Q1333055,https://leanprover-community.github.io/mathlib4_docs/Mathlib/Algebra/Ring/Defs.html#Semiring,Zero,,,,4,Semiring > NonUnitalSemiring > NonUnitalNonAssocSemiring > MulZeroClass > Zero
Semiring,semiring,Q1333055,https://leanprover-community.github.io/mathlib4_docs/Mathlib/Algebra/Ring/Defs.html#Semiring,AddCommMagma,,,https://leanprover-community.github.io/mathlib4_docs/Algebra/Group/Defs.html#AddCommMagma,5,Semiring > NonUnitalSemiring > NonUnitalNonAssocSemiring > AddCommMonoid > AddCommSemigroup > AddCommMagma
Semiring,semiring,Q1333055,https://leanprover-community.github.io/mathlib4_docs/Mathlib/Algebra/Ring/Defs.html#Semiring,AddSemigroup,,,https://leanprover-community.github.io/mathlib4_docs/Algebra/Group/Defs.html#AddSemigroup,5,Semiring > NonUnitalSemiring > NonUnitalNonAssocSemiring > AddCommMonoid > AddMonoid > AddSemigroup
Semiring,semiring,Q1333055,https://leanprover-community.github.io/mathlib4_docs/Mathlib/Algebra/Ring/Defs.html#Semiring,AddZeroClass,,,https://leanprover-community.github.io/mathlib4_docs/Algebra/Group/Defs.html#AddZeroClass,5,Semiring > NonUnitalSemiring > NonUnitalNonAssocSemiring > AddCommMonoid > AddMonoid > AddZeroClass
Semiring,semiring,Q1333055,https://leanprover-community.github.io/mathlib4_docs/Mathlib/Algebra/Ring/Defs.html#Semiring,AddZero,,,https://leanprover-community.github.io/mathlib4_docs/Algebra/Group/Defs.html#AddZero,6,Semiring > NonUnitalSemiring > NonUnitalNonAssocSemiring > AddCommMonoid > AddMonoid > AddZeroClass > AddZero
Subgroup,subgroup,Q466109,https://leanprover-community.github.io/mathlib4_docs/Mathlib/Algebra/Group/Subgroup/Defs.html#Subgroup,Submonoid,submonoid,Q121499459,https://leanprover-community.github.io/mathlib4_docs/Mathlib/Algebra/Group/Submonoid/Defs.html#Submonoid,1,Subgroup > Submonoid
Subgroup,subgroup,Q466109,https://leanprover-community.github.io/mathlib4_docs/Mathlib/Algebra/Group/Subgroup/Defs.html#Subgroup,Subsemigroup,,,https://leanprover-community.github.io/mathlib4_docs/Algebra/Group/Subsemigroup/Defs.html#Subsemigroup,2,Subgroup > Submonoid > Subsemigroup
Submonoid,submonoid,Q121499459,https://leanprover-community.github.io/mathlib4_docs/Mathlib/Algebra/Group/Submonoid/Defs.html#Submonoid,Subsemigroup,,,https://leanprover-community.github.io/mathlib4_docs/Algebra/Group/Subsemigroup/Defs.html#Subsemigroup,1,Submonoid > Subsemigroup
Subring,subring,Q929536,https://leanprover-community.github.io/mathlib4_docs/Mathlib/Algebra/Ring/Subring/Defs.html#Subring,AddSubgroup,,,https://leanprover-community.github.io/mathlib4_docs/Algebra/Group/Subgroup/Defs.html#AddSubgroup,1,Subring > AddSubgroup
Subring,subring,Q929536,https://leanprover-community.github.io/mathlib4_docs/Mathlib/Algebra/Ring/Subring/Defs.html#Subring,Subsemiring,,,https://leanprover-community.github.io/mathlib4_docs/Algebra/Ring/Subsemiring/Defs.html#Subsemiring,1,Subring > Subsemiring
Subring,subring,Q929536,https://leanprover-community.github.io/mathlib4_docs/Mathlib/Algebra/Ring/Subring/Defs.html#Subring,AddSubmonoid,,,https://leanprover-community.github.io/mathlib4_docs/Algebra/Group/Submonoid/Defs.html#AddSubmonoid,2,Subring > Subsemiring > AddSubmonoid
Subring,subring,Q929536,https://leanprover-community.github.io/mathlib4_docs/Mathlib/Algebra/Ring/Subring/Defs.html#Subring,Submonoid,submonoid,Q121499459,https://leanprover-community.github.io/mathlib4_docs/Mathlib/Algebra/Group/Submonoid/Defs.html#Submonoid,2,Subring > Subsemiring > Submonoid
Subring,subring,Q929536,https://leanprover-community.github.io/mathlib4_docs/Mathlib/Algebra/Ring/Subring/Defs.html#Subring,AddSubsemigroup,,,https://leanprover-community.github.io/mathlib4_docs/Algebra/Group/Subsemigroup/Defs.html#AddSubsemigroup,3,Subring > Subsemiring > AddSubmonoid > AddSubsemigroup
Subring,subring,Q929536,https://leanprover-community.github.io/mathlib4_docs/Mathlib/Algebra/Ring/Subring/Defs.html#Subring,Subsemigroup,,,https://leanprover-community.github.io/mathlib4_docs/Algebra/Group/Subsemigroup/Defs.html#Subsemigroup,3,Subring > Subsemiring > Submonoid > Subsemigroup
Turing.TM2ComputableInPolyTime,polynomial time,Q1137573,https://leanprover-community.github.io/mathlib4_docs/Mathlib/Computability/TMComputable.html#Turing.TM2ComputableInPolyTime,TM2ComputableAux,,,https://leanprover-community.github.io/mathlib4_docs/Computability/TMComputable.html#TM2ComputableAux,1,Turing.TM2ComputableInPolyTime > TM2ComputableAux
UniqueFactorizationMonoid,Unique factorization domain,Q1052579,https://leanprover-community.github.io/mathlib4_docs/Mathlib/RingTheory/UniqueFactorizationDomain/Defs.html#UniqueFactorizationMonoid,IsWellFounded,,,,1,UniqueFactorizationMonoid > IsWellFounded
